Price,Close,High,Low,Open,Volume
Ticker,AAPL,AAPL,AAPL,AAPL,AAPL
Date,,,,,
1/2/2020,72.79602814,72.8566208,71.54539466,71.79988089,135480400
1/3/2020,72.08827972,72.85174557,71.86287686,72.02041626,146322800
1/6/2020,72.66270447,72.70148465,70.95399466,71.20606216,118387200
1/7/2020,72.32097626,72.92932151,72.1004181,72.67240923,108872000
1/8/2020,73.48435211,73.7873154,72.0228575,72.0228575,132079200
1/9/2020,75.04521942,75.23911297,74.21388993,74.46595006,170108400
1/10/2020,75.21486664,75.78202036,74.71073903,75.28031144,140644800
1/13/2020,76.82180786,76.84847248,75.41363482,75.53240148,121532000
1/14/2020,75.78445435,76.96965039,75.66085034,76.75878911,161954400
1/15/2020,75.45965576,76.46791827,75.02581035,75.58326712,121923600
1/16/2020,76.4048996,76.51639539,75.64143375,76.00498962,108829200
1/17/2020,77.25079346,77.25321213,76.34674835,76.65455638,137816400
1/21/2020,76.72727203,77.32107564,76.589119,76.87754064,110843200
1/22/2020,77.00115204,77.55617546,76.90662394,77.21443198,101832400
1/23/2020,77.37197876,77.45195781,76.50428776,77.05447383,104472000
1/24/2020,77.14900208,78.36570009,76.95752719,77.61920173,146537600
1/27/2020,74.88040924,75.5638888,73.893959,75.14943709,161940000
1/28/2020,76.99872589,77.17080697,75.66568743,75.76506027,162234000
1/29/2020,78.61048889,79.46121217,77.8930739,78.63715351,216229200
1/30/2020,78.49656677,78.5498886,77.25563046,77.68947591,126743200
1/31/2020,75.0161438,78.20816118,74.7204513,77.78401254,199588400
2/3/2020,74.81011963,75.98076652,73.24925218,73.75337983,173788400
2/4/2020,77.27987671,77.47135158,76.01470173,76.42188261,136616400
2/5/2020,77.91005707,78.71230342,77.30413038,78.41175875,118826800
2/6/2020,78.82135773,78.8237838,77.62162744,78.18150305,105425600
2/7/2020,77.74996948,78.56869591,77.25678964,78.31846195,117684000
2/10/2020,78.11924744,78.11924744,76.24856854,76.32873743,109348800
2/11/2020,77.64790344,78.690143,77.42925371,78.61726222,94323200
2/12/2020,79.49188995,79.4967462,78.09980748,78.09980748,113730400
2/13/2020,78.9258194,79.25379779,78.55654436,78.76061799,94747600
2/14/2020,78.94525146,79.19548538,78.43506373,78.8942275,80113600
2/18/2020,77.49969482,77.68190414,76.43315942,76.61536873,152531200
2/19/2020,78.62213135,78.85293286,77.7426686,77.7426686,93984000
2/20/2020,77.81555176,78.87236767,77.30779583,78.38161973,100566000
2/21/2020,76.05419159,77.85199672,75.43468267,77.40740169,129554000
2/24/2020,72.44158936,73.89926441,70.26722852,72.21808333,222195200
2/25/2020,69.98784637,73.49841733,69.51410635,73.1145661,230673600
2/26/2020,71.09811401,72.3687237,69.60399826,69.61128634,198054800
2/27/2020,66.45054626,69.48251314,66.31449718,68.29207996,320605600
2/28/2020,66.4116745,67.6385555,62.28402685,62.50025222,426510000
3/2/2020,72.59465027,73.23359905,67.47092308,68.57875559,341397200
3/3/2020,70.28907776,73.85552018,69.43390383,73.77535133,319475600
3/4/2020,73.54941559,73.70976072,71.2147098,72.01885988,219178400
3/5/2020,71.16369629,72.77442093,70.79684571,71.79534952,187572800
3/6/2020,70.2186203,70.65349533,68.32364613,68.51071172,226176800
3/9/2020,64.6648941,67.56080421,63.89475257,64.07696194,286744800
3/10/2020,69.32217407,69.58941601,65.44232821,67.33002237,285290000
3/11/2020,66.9145813,68.32124001,66.04726274,67.39076056,255598800
3/12/2020,60.30644608,65.59537816,60.25056957,62.17956017,418474000
3/13/2020,67.53166962,68.00541707,61.45316239,64.35394062,370732000
3/16/2020,58.84391785,62.94240957,58.30700587,58.78074955,322423600
3/17/2020,61.43128586,62.5852749,57.91828735,60.13152412,324056000
3/18/2020,59.92745209,60.73646221,57.60731849,58.25112721,300233600
3/19/2020,59.46828079,61.42642362,58.94108878,60.10236957,271857200
3/20/2020,55.69290161,61.18104684,55.39164746,60.05134655,401693200
3/23/2020,54.50975037,55.51311775,51.65270897,55.41108096,336752800
3/24/2020,59.97846603,60.17525156,56.92220713,57.42267494,287531200
3/25/2020,59.64805603,62.74075514,59.35166185,60.91866157,303602000
3/26/2020,62.78692627,62.8452309,59.85213995,59.89101217,252087200
3/27/2020,60.18741226,62.1625597,60.01977902,61.40456976,204216800
3/30/2020,61.9050293,62.07752248,60.5906914,60.91624165,167976400
3/31/2020,61.77869415,63.77084924,61.22234983,62.09695631,197002000
4/1/2020,58.5280838,60.42549024,58.0956405,59.88615017,176218400
4/2/2020,59.50471878,59.55816716,57.55386411,58.38959834,165934000
4/3/2020,58.64956284,59.69179898,58.05677433,58.98725744,129880000
4/6/2020,63.7659874,63.92146886,60.58582762,60.95510258,201820400
4/7/2020,63.0274353,66.0083854,62.92297037,65.78972822,202887200
4/8/2020,64.640625,64.95645174,63.4647676,63.83161091,168895200
4/9/2020,65.10707092,65.61240256,64.30778423,65.27956785,161834800
4/13/2020,66.38496399,66.4942926,64.58230224,65.18481071,131022800
4/14/2020,69.73760223,70.02914022,67.55108962,68.02483698,194994800
4/15/2020,69.10108948,69.56268513,68.17789817,68.60790968,131154400
4/16/2020,69.65014648,70.01699709,68.59576238,69.81777971,157125200
4/17/2020,68.70508575,69.713317,67.26198676,69.16425699,215250000
4/20/2020,67.2789917,68.43298447,67.25955929,67.52680121,130015200
4/21/2020,65.1993866,67.35674726,64.48512509,67.12108946,180991600
4/22/2020,67.07733917,67.51463866,66.129852,66.47239907,116862400
4/23/2020,66.81737518,68.44997106,66.77850297,67.02144874,124814400
4/24/2020,68.7463913,68.75611121,67.29600419,67.34459633,126161200
4/27/2020,68.79499054,69.12782522,68.01270448,68.46214844,117087600
4/28/2020,67.67985535,69.44121286,67.58754215,69.25900346,112004800
4/29/2020,69.90280914,70.37412467,68.96989801,69.17397162,137280800
4/30/2020,71.37748718,71.55484032,70.05343676,70.44457602,183064000
5/1/2020,70.2283783,72.64082948,69.44609214,69.54326903,240616800
5/4/2020,71.22200012,71.35076111,69.56025154,70.25264864,133568000
5/5/2020,72.29095459,73.12668877,71.5378211,71.68359007,147751200
5/6/2020,73.03683472,73.67092002,72.60924752,72.99553065,142333600
5/7/2020,73.79236603,74.13978421,73.36235457,73.66603686,115215200
5/8/2020,75.54875183,75.6023449,74.12610834,74.45497454,133838400
5/11/2020,76.73753357,77.23447931,74.8447298,75.05423265,145946400
5/12/2020,75.86057281,77.87760966,75.73877106,77.42450325,162301200
5/13/2020,74.94461823,76.96653181,73.86301805,76.04083402,200622400
5/14/2020,75.40503693,75.46593781,73.45377032,74.1797115,158929200
5/15/2020,74.95922089,75.00550614,73.13219488,73.16630293,166348400
5/18/2020,76.72535706,77.10050853,75.59504067,76.28931214,135178400
5/19/2020,76.28200531,77.59258593,76.25033566,76.74241207,101729600
5/20/2020,77.76555634,77.83619601,77.10538543,77.14436288,111504800
5/21/2020,77.18576813,78.16992832,76.94703403,77.62668985,102688800
5/22/2020,77.682724,77.7655483,76.82036552,76.92267483,81803200
5/26/2020,77.15653992,78.98599716,77.10050844,78.80573295,125522000
5/27/2020,77.4927063,77.63886989,76.2698194,77.01281454,112945200
5/28/2020,77.52680206,78.79110463,76.88856218,77.16626626,133560800
5/29/2020,77.45129395,78.23325906,77.09319652,77.77041392,153532400
6/1/2020,78.40378571,78.52558745,77.27346193,77.4050099,80791200
6/2/2020,78.76676178,78.79112362,77.69246936,78.13582955,87642800
6/3/2020,79.20036316,79.46345908,78.51339955,79.08830764,104491200
6/4/2020,78.5182724,79.32216088,78.14312097,79.02253337,87560400
6/5/2020,80.75455475,80.81545562,78.73995662,78.76918785,137250400
6/8/2020,81.23199463,81.26610268,79.73627349,80.45002973,95654400
6/9/2020,83.79716492,84.19180139,80.87879977,80.91046941,147712400
6/10/2020,85.95307159,86.42322464,84.30874771,84.74966952,166651600
6/11/2020,81.82640076,85.5194301,81.72409147,85.09312405,201662400
6/12/2020,82.53286743,84.72529905,81.41716661,83.9750035,200146000
6/15/2020,83.55356598,84.20886002,81.01765253,81.18087016,138808800
6/16/2020,85.76792145,86.04076363,83.97500316,85.61688846,165428800
6/17/2020,85.64855957,86.57668837,85.52675781,86.5157875,114406400
6/18/2020,85.68264771,86.10164595,85.07120064,85.60469281,96820400
6/19/2020,85.19301605,86.85926309,84.07974628,86.39154854,264476000
6/22/2020,87.42198944,87.56571462,85.54137007,85.58765533,135445200
6/23/2020,89.28799438,90.71307641,88.25024105,88.6716778,212155600
6/24/2020,87.71188354,89.83854497,87.33673204,88.91528554,192623200
6/25/2020,88.87628174,88.91525918,87.10528733,87.86776732,137522400
6/26/2020,86.14549255,88.99321759,85.99689058,88.77153755,205256800
6/29/2020,88.13088226,88.22589121,85.57304527,86.05294451,130646000
6/30/2020,88.866539,89.15399673,87.69724537,87.71673038,140223200
7/1/2020,88.69848633,89.49019788,88.64977008,88.9445283,110737200
7/2/2020,88.69848633,90.24780879,88.58399979,89.60956867,114041600
7/6/2020,91.07118225,91.54133529,90.10163751,90.13330716,118655600
7/7/2020,90.78858948,92.23315646,90.67653395,91.4511913,112424400
7/8/2020,92.90306091,92.93473056,91.68260506,91.77030618,117092000
7/9/2020,93.30258179,93.85312066,92.25021285,93.79952759,125642800
7/10/2020,93.46578979,93.52425969,92.28188034,92.89575849,90257200
7/13/2020,93.03461456,97.39755419,92.82024229,94.77637812,191649200
7/14/2020,94.57417297,94.76661435,91.4755367,92.41340406,170989200
7/15/2020,95.22460175,96.70814609,94.02119992,96.4572348,153198000
7/16/2020,94.05287933,94.91279944,93.45117836,94.09185679,110577600
7/17/2020,93.862854,94.6618731,93.38782426,94.50597074,92186800
7/20/2020,95.84091187,95.97976763,93.60463378,93.95055398,90318000
7/21/2020,94.51816559,96.71059726,94.26725426,96.63508077,103433200
7/22/2020,94.78368378,95.46820901,94.13082819,94.21852188,89001600
7/23/2020,90.46947479,94.59368053,89.65583994,94.51572562,197004400
7/24/2020,90.24536133,90.59128161,86.86414315,88.65950741,185438800
7/27/2020,92.38418579,92.47675631,91.08822087,91.31233191,121214000
7/28/2020,90.86654663,92.13084943,90.8616698,91.95301619,103625600
7/29/2020,92.60829926,92.79344028,91.31476538,91.35130441,90329200
7/30/2020,93.72888184,93.83362955,91.36836341,91.77761549,158130000
7/31/2020,103.5412369,103.6922699,98.24529157,100.2525895,374336800
8/3/2020,106.1502304,108.7811454,105.1319695,105.4315971,308151200
8/4/2020,106.859108,107.9553237,105.6142903,106.3402313,173071600
8/5/2020,107.2464371,107.5679955,106.1112439,106.5789659,121776800
8/6/2020,110.9881897,111.4851429,106.9882243,107.580179,202428800
8/7/2020,108.4647903,110.9662282,107.6643305,110.5074267,198045600
8/10/2020,110.0412979,111.0638375,107.3787911,109.9168337,212403600
8/11/2020,106.7686996,109.8021491,106.5075721,109.3018645,187902400
8/12/2020,110.3170929,110.5757776,107.6692274,107.8644587,165598000
8/13/2020,112.2694092,113.2773068,111.2127001,111.7032283,210082000
8/14/2020,112.1693497,112.2596443,110.3512285,112.093697,165565200
8/17/2020,111.876503,113.3212392,111.246876,113.2968334,119561600
8/18/2020,112.8087387,113.2358134,111.2907928,111.6275729,105633600
8/19/2020,112.9502945,114.370625,112.8551217,113.218743,145538000
8/20/2020,115.4566193,115.5713196,112.9747014,112.9917862,126907200
8/21/2020,121.4063873,121.89203,116.4083892,116.4205884,338054800
8/24/2020,122.858429,125.7161747,120.9841826,125.6307508,345937600
8/25/2020,121.8505249,122.1970688,120.1202629,121.7260682,211495600
8/26/2020,123.5075607,123.9663622,122.1018725,123.1732234,163022400
8/27/2020,122.0311127,124.4471339,120.8816662,124.1127966,155552400
8/28/2020,121.8334427,123.4294766,121.6089201,123.0097229,187630000
8/31/2020,125.9650879,127.8783894,122.9975349,124.5398867,225702700
9/1/2020,130.9825745,131.5878104,127.4195574,129.5964139,151948100
9/2/2020,128.2688141,134.6920186,123.9736693,134.3113126,200119000
9/3/2020,117.9995346,125.769854,117.6285923,123.8858513,257599600
9/4/2020,118.0776291,120.7523352,108.2475886,117.2088376,332607200
9/8/2020,110.1315994,116.154572,109.9949361,111.2346698,231366600
9/9/2020,114.5243683,116.300999,112.5134586,114.4658004,176940500
9/10/2020,110.7856445,117.6286053,109.8192373,117.491942,182274400
9/11/2020,109.3311234,112.4841581,107.3787819,111.8398819,180860300
9/14/2020,112.6110764,113.1674935,110.1120812,111.9863276,140150100
9/15/2020,112.7867813,115.9983843,110.9027713,115.5102989,184642000
9/16/2020,109.458046,113.2358302,109.3701941,112.4841819,154679000
9/17/2020,107.710701,109.5263796,106.119545,107.1054798,178011000
9/18/2020,104.2940826,108.2378135,103.5619546,107.7692557,287104900
9/21/2020,107.4568863,107.5642657,100.6432107,102.048899,195713800
9/22/2020,109.145668,110.1706505,106.5588211,109.9949394,183055400
9/23/2020,104.567421,109.4385113,104.2257552,108.9601897,150718700
9/24/2020,105.6411972,107.6228226,102.4979263,102.6638735,167743300
9/25/2020,109.6044617,109.7606526,105.1043135,105.8462054,149981400
9/28/2020,112.2205963,112.5720184,110.0925436,112.2694078,137672400
9/29/2020,111.3713379,112.5622676,110.8637323,111.8203831,99382200
9/30/2020,113.050354,114.4658063,110.9125447,111.078492,142675200
10/1/2020,114.0069962,114.9148354,113.069873,114.8367399,116120400
10/2/2020,110.326828,112.6208355,109.5458958,110.1999285,144712000
10/5/2020,113.7239151,113.8703422,110.8442138,111.1956359,106243800
10/6/2020,110.463501,113.3529659,109.5751819,112.9429685,161498200
10/7/2020,112.3377457,112.7965472,111.4103789,111.888708,96849000
10/8/2020,112.2303772,113.626302,111.8594275,113.4798748,83477200
10/9/2020,114.1826935,114.2119774,112.1815405,112.5329625,100506900
10/12/2020,121.4356537,122.1970657,116.4376563,117.1990684,240226800
10/13/2020,118.2142868,122.4020606,116.7988421,122.2849174,262330500
10/14/2020,118.3021622,120.0983132,116.769574,118.1166873,150712000
10/15/2020,117.8335953,118.311917,115.3346,115.8910172,112559200
10/16/2020,116.1838531,118.6535717,115.9788582,118.3900014,115393800
10/19/2020,113.2163086,117.5505025,112.9039342,117.1014648,120639300
10/20/2020,114.7098389,116.1448112,112.8746329,113.43105,124423700
10/21/2020,114.085083,115.8812337,113.6750856,113.8898444,89946000
10/22/2020,112.9917679,115.2271999,111.8594062,114.6512552,101988000
10/23/2020,112.2987213,113.7727417,111.5568292,113.6165508,82572600
10/26/2020,112.3084717,113.7727281,110.190175,111.293253,111850700
10/27/2020,113.8215103,114.4853067,111.8106009,112.7379602,92276800
10/28/2020,108.5501938,112.6793997,108.4525782,112.3084575,143937800
10/29/2020,112.5720291,114.1436649,109.5263732,109.6923279,146129200
10/30/2020,106.2659454,109.3213571,105.1531114,108.413518,190272600
11/2/2020,106.178093,108.0425827,104.7626483,106.5099949,122866900
11/3/2020,107.8083115,108.8332864,106.1390602,107.0468994,107624400
11/4/2020,112.2108383,112.8355871,109.6727956,111.4201423,138235500
11/5/2020,116.1936188,116.7695635,114.0850935,115.1393524,126387100
11/6/2020,116.0616226,116.5603233,113.5583085,115.6998136,114457900
11/9/2020,113.7440796,119.288515,113.4800621,117.8315133,154515300
11/10/2020,113.4018402,114.9859605,111.6025832,112.9911429,138023400
11/11/2020,116.8438873,116.9807864,113.8614342,114.5948254,112295000
11/12/2020,116.5700836,117.8608518,115.9442571,116.9710077,103162300
11/13/2020,116.618988,117.0199047,115.2597702,116.7950022,81581900
11/16/2020,117.6359634,118.3106783,115.5335736,116.2865187,91183000
11/17/2020,116.746109,117.9977622,116.3256311,116.9025694,74271000
11/18/2020,115.4162292,117.1665907,115.3868948,115.983387,76322100
11/19/2020,116.0127182,116.4234155,114.2232417,114.9859675,74113000
11/20/2020,114.7415085,116.1398415,114.6926202,116.012723,73604300
11/23/2020,111.3287811,115.0152984,111.2309971,114.5850398,127959300
11/24/2020,112.6195602,113.284502,110.0966925,111.3874683,113874200
11/25/2020,113.4605103,114.164567,112.6195544,112.991144,76499200
11/27/2020,114.0081024,114.8881733,113.6463009,113.9885486,46691300
11/30/2020,116.4136353,118.291115,114.2232348,114.3796952,169410200
12/1/2020,120.0023651,120.7357564,117.352379,118.330234,127728200
12/2/2020,120.3543777,120.6379566,118.2128732,119.3178465,89004200
12/3/2020,120.2174835,121.0388781,119.5036462,120.7846337,78967600
12/4/2020,119.5428009,120.1392932,118.8289633,119.8850487,78260400
12/7/2020,121.0095596,121.8114005,119.5427771,119.601446,86712000
12/8/2020,121.6256027,122.2123217,120.3641689,121.6158295,82225500
12/9/2020,119.0831604,123.1608133,118.3204348,121.7722612,115089200
12/10/2020,120.5108414,121.1268948,117.4892732,117.8315209,81312200
12/11/2020,119.699234,120.0414818,117.8804231,119.7187878,86939800
12/14/2020,119.0831604,120.6183922,118.8484773,119.8850011,79184500
12/15/2020,125.0480957,125.067657,121.3811394,121.5864881,157243700
12/16/2020,124.9796295,125.5272259,123.7573109,124.5884935,98208600
12/17/2020,125.8499222,126.7104393,125.2045344,126.0454902,94359800
12/18/2020,123.8551102,126.2410786,123.3270676,126.1041795,192541500
12/21/2020,125.3903351,125.4685653,120.7161897,122.2514216,121251600
12/22/2020,128.9595184,131.4334903,126.7788911,128.6954934,168904800
12/23/2020,128.059906,129.4973392,127.8838843,129.2333291,88223700
12/24/2020,129.0475159,130.5045251,128.1967869,128.4119161,54930100
12/28/2020,133.6630249,134.2986248,130.5534377,131.0228189,124486200
12/29/2020,131.8832855,135.7164749,131.3650236,134.9928719,121047300
12/30/2020,130.7587585,132.9784933,130.4458378,132.5775693,96452100
12/31/2020,129.7515564,131.7561617,128.803036,131.110774,99116600
1/4/2021,126.54422,130.651208,123.9529027,130.5632046,143301900
1/5/2021,128.1087646,128.8226095,125.5858972,126.035717,97664900
1/6/2021,123.7964401,128.1478993,123.5813108,124.8916404,155088000
1/7/2021,128.0207977,128.7150815,125.0285633,125.5174909,109578200
1/8/2021,129.1257324,129.69289,127.3460295,129.4973071,105158200
1/11/2021,126.1237259,127.2873757,125.6543597,126.329082,100384500
1/12/2021,125.9477234,126.8180137,124.0506824,125.6543639,91951100
1/13/2021,127.9914169,128.5390132,125.6445713,125.9085814,88636800
1/14/2021,126.0552902,128.0990036,125.908603,127.9034356,90221800
1/15/2021,124.3244934,127.3362888,124.1875943,125.9281751,111598500
1/19/2021,124.9992142,125.8597314,124.1289238,124.9503184,90757300
1/20/2021,129.1061554,129.5559751,125.7032252,125.8107898,104319500
1/21/2021,133.8390045,136.5770014,130.6316414,130.8369975,120150900
1/22/2021,135.9903259,136.7530518,132.0300095,133.2621016,114459400
1/25/2021,139.7550354,141.876979,133.5163157,139.9017226,157611700
1/26/2021,139.9897614,141.1045157,138.2393921,140.4200201,98390600
1/27/2021,138.9140778,141.1044783,137.300623,140.2537343,140843800
1/28/2021,134.0541382,138.8456366,133.6727753,136.4303336,142621100
1/29/2021,129.0377655,133.7119117,127.3265191,132.82206,177523800
2/1/2021,131.1694489,132.3819942,128.0305282,130.7880861,106239800
2/2/2021,132.0006256,133.2913862,131.629036,132.7242286,83305400
2/3/2021,130.973938,132.7634149,130.651244,132.7536268,89880900
2/4/2021,134.3474884,134.3572616,131.6094916,133.2816301,84183100
2/5/2021,133.9312744,134.5776267,133.0498958,134.5090823,75693800
2/8/2021,134.078186,134.1271548,132.1293414,133.216383,71297200
2/9/2021,133.1967926,135.0281241,133.0401134,133.7941761,76774200
2/10/2021,132.5896301,134.1565421,131.6201016,133.6570813,73046600
2/11/2021,132.3349915,133.5689244,131.0031209,133.0890541,64280000
2/12/2021,132.5700378,132.726732,130.9247937,131.571146,60145100
2/16/2021,130.4351349,133.196799,130.0433994,132.6875653,80576300
2/17/2021,128.1336975,129.4851583,126.7920394,128.5352206,97918500
2/18/2021,127.0271072,127.3111024,124.7746771,126.5276464,96856700
2/19/2021,127.1837769,128.0064137,126.1359164,127.546134,87668800
2/22/2021,123.3938446,127.0369022,123.0021166,125.3622648,103916400
2/23/2021,123.2567291,124.0891463,115.9412364,121.2001667,158273000
2/24/2021,122.7572937,122.9629492,119.7018317,122.3557779,111039900
2/25/2021,118.4874878,123.8443496,118.0467984,122.1011677,148199500
2/26/2021,118.7518845,122.267626,118.6931204,120.0543693,164560400
3/1/2021,125.1468124,125.2839161,120.2502317,121.1903743,116307900
3/2/2021,122.5320511,126.0575881,122.4243257,125.7540024,102260900
3/3/2021,119.535347,123.109853,119.3198962,122.2284669,112966300
3/4/2021,117.6452713,121.0435003,116.166509,119.2317665,178155000
3/5/2021,118.9085846,119.4178333,115.1382183,118.4776905,153766600
3/8/2021,113.9532394,118.4972662,113.8063405,118.4287144,154376600
3/9/2021,118.5853958,119.5353337,116.332973,116.5680068,129525800
3/10/2021,117.4983521,119.6430493,116.9793082,119.1729817,111943300
3/11/2021,119.4374161,120.6615615,118.7518976,120.0054213,103026500
3/12/2021,118.5266342,118.6637379,116.6953178,117.9096677,88105100
3/15/2021,121.4254074,121.4352027,117.9292491,118.8987774,92403800
3/16/2021,122.9727402,124.5886135,122.1403229,123.1000486,115227900
3/17/2021,122.179512,123.2567585,119.8095607,121.4841983,111932600
3/18/2021,118.0369873,120.6321769,117.8313318,120.338379,121229700
3/19/2021,117.5081558,118.9183736,117.2045702,117.4200209,185549500
3/22/2021,120.837822,121.307897,117.772565,117.8411169,111912300
3/23/2021,120.0054016,121.6702361,119.6136737,120.7790623,95467100
3/24/2021,117.6060791,120.3579627,117.5864961,120.2796156,88530500
3/25/2021,118.0957336,119.1436091,116.5386245,117.0674561,98844700
3/26/2021,118.7029343,118.9673539,116.4602989,117.8607216,94071200
3/29/2021,118.8791962,120.0445849,118.2328513,119.1338205,80819200
3/30/2021,117.4200134,117.9096715,116.4015237,117.6256689,85671900
3/31/2021,119.6234665,120.9651248,118.6441504,119.1338084,118323800
4/1/2021,120.4559021,121.6114956,119.9564487,121.1022544,75089100
4/5/2021,123.2959061,123.5505304,120.5244395,121.3078955,88651200
4/6/2021,123.5994949,124.500464,123.0510803,123.8834975,80171300
4/7/2021,125.2545471,125.2741302,122.5516322,123.2273628,83466700
4/8/2021,127.6636581,127.6930364,125.86172,126.2828187,88844600
4/9/2021,130.249054,130.28822,126.792069,127.1152451,106686700
4/12/2021,128.5254517,130.1021512,127.9280682,129.7789751,91420000
4/13/2021,131.6495056,131.8747592,129.2012144,129.7006754,91266500
4/14/2021,129.2991486,132.2077196,128.9368063,132.148963,87222800
4/15/2021,131.7180481,132.2077063,130.8758354,131.0521202,89347100
4/16/2021,131.3850708,131.8845167,130.5232677,131.5221745,84922400
4/19/2021,132.0509949,132.6679689,130.5820206,130.7485025,94264200
4/20/2021,130.3567963,132.72674,129.0836821,132.227294,94812300
4/21/2021,130.7387238,130.9835528,128.5842309,129.6223038,68847100
4/22/2021,129.2109833,131.3752637,128.6919469,130.2882221,84566500
4/23/2021,131.5417633,132.3252043,129.4264367,129.4264367,78657500
4/26/2021,131.9334869,132.2664509,130.7974765,132.0412123,66905100
4/27/2021,131.610321,132.6092279,131.3361137,132.2174924,66015800
4/28/2021,130.8170471,132.2272647,130.3273891,131.5319437,107760100
4/29/2021,130.7190857,134.2348412,129.7103915,133.6472457,151101000
4/30/2021,128.7409058,130.7974607,128.3589731,129.0542792,109839500
5/3/2021,129.7985687,131.2969363,129.1032626,129.3089106,75135100
5/4/2021,125.205574,128.7702919,124.0793589,128.476494,137564700
5/5/2021,125.4504089,127.751793,125.3230931,126.5276478,84000900
5/6/2021,127.0564804,127.0662682,124.5004572,125.2447396,78128300
5/7/2021,127.7333527,128.7633692,127.0172268,128.361179,78973300
5/10/2021,124.4372635,127.0760936,124.3980234,126.9485764,88071200
5/11/2021,123.515152,123.8682978,120.434869,121.1509874,126142800
5/12/2021,120.4348679,122.2693025,119.9247617,121.0528898,112172300
5/13/2021,122.5930176,123.7505738,121.896523,122.2104361,105861300
5/14/2021,125.0258636,125.4574971,123.4562976,123.848691,81918000
5/17/2021,123.8682938,124.5157439,122.7892177,124.4078355,74244600
5/18/2021,122.4753189,124.574615,122.4066506,124.1527934,63342900
5/19/2021,122.3183594,122.5439805,120.5231648,120.8174617,92612000
5/20/2021,124.8884964,125.2907016,122.7205326,122.8480647,76857100
5/21/2021,123.044281,125.5653985,122.8284643,125.3888218,79295400
5/24/2021,124.6825104,125.5065372,123.5445779,123.6132462,63092900
5/25/2021,124.4863129,125.8793096,123.9173429,125.3888123,72009500
5/26/2021,124.4372635,124.9669934,124.015442,124.5451718,56575900
5/27/2021,122.8971329,125.2122455,122.7009399,124.0350729,94625600
5/28/2021,122.2398682,123.4072363,122.1810118,123.1816077,71311100
6/1/2021,121.9161453,122.9657932,121.5826158,122.700932,67637100
6/2/2021,122.6813126,122.8578892,121.6905285,121.9161496,59278900
6/3/2021,121.1902237,122.4753046,120.7880185,122.3085399,76229200
6/4/2021,123.4955215,123.7603902,121.4943223,121.710139,75169300
6/7/2021,123.5053253,123.9173349,122.4556775,123.7701865,71057600
6/8/2021,124.3293686,126.0166624,123.8094505,124.192032,74403800
6/9/2021,124.711937,125.320147,124.1135388,124.7904171,56877900
6/10/2021,123.7113495,125.751789,123.5445847,124.6040371,71186400
6/11/2021,124.9277573,125.0160493,123.7015327,124.1233542,53522400
6/14/2021,127.9981995,128.0570558,124.6530633,125.3887979,96906500
6/15/2021,127.1742325,128.1159798,126.9289875,127.4685294,62746300
6/16/2021,127.6744995,128.4004299,126.0166564,127.8903162,91815000
6/17/2021,129.2832947,130.0288488,127.1839989,127.3311549,96721700
6/18/2021,127.9786072,129.0086238,127.7627905,128.2238521,108953300
6/21/2021,129.7835999,129.8915082,126.7523766,127.8216407,79663300
6/22/2021,131.4316254,131.5297293,129.1165132,129.6168223,74783600
6/23/2021,131.1569672,131.7651847,130.6959056,131.2256429,60214200
6/24/2021,130.8724823,132.0790829,130.4016013,131.8926944,68711000
6/25/2021,130.5782166,131.3433796,130.2839196,130.9215655,70783700
6/28/2021,132.2164459,132.6775076,130.8136521,130.8725085,62111300
6/29/2021,133.7369843,133.8939446,131.7946483,132.2360863,64556100
6/30/2021,134.3549957,134.7964336,133.2857164,133.5800133,63261400
7/1/2021,134.6590729,134.7179293,133.1777841,134.0018183,52485800
7/2/2021,137.2979431,137.3371757,135.1299711,135.2771121,78852600
7/6/2021,139.3187408,140.4272377,137.4058334,137.4058334,108181800
7/7/2021,141.8202362,142.1341419,139.9465615,140.8098134,104911600
7/8/2021,140.5155182,141.3199136,137.9943935,138.8870885,105575500
7/9/2021,142.3499298,142.8796521,139.9367138,140.0348177,99890800
7/12/2021,141.7515717,143.536962,141.2610818,143.4290536,76299700
7/13/2021,142.869873,144.6552632,140.8981094,141.2904952,100827100
7/14/2021,146.3131104,146.725135,144.8710691,145.2830937,127050800
7/15/2021,145.6558685,147.1469619,144.2923073,146.4014227,106820300
7/16/2021,143.6055603,146.9114558,143.1052662,145.6361947,93251400
7/19/2021,139.7405701,141.3297675,138.975407,141.0158468,121434600
7/20/2021,143.370163,144.3021056,140.2408506,140.7313404,96350000
7/21/2021,142.6344452,143.3505712,141.8791016,142.7619773,74993500
7/22/2021,144.007843,145.3812088,143.0366676,143.1641998,77338200
7/23/2021,145.7343292,145.8912896,144.1255233,144.7435452,71447400
7/26/2021,146.1561584,146.9801777,144.8906864,145.4498519,72434100
7/27/2021,143.9783783,146.3719709,142.781582,146.2836713,104818600
7/28/2021,142.2223969,144.1745513,139.8288046,142.0556321,118931200
7/29/2021,142.869873,143.7625681,141.830037,141.9379454,56699500
7/30/2021,143.0856628,143.5467244,141.3689488,141.6338175,70440600
8/2/2021,142.7521362,144.1549297,142.4872676,143.5761554,62880000
8/3/2021,144.5571747,145.2242337,142.4186311,143.0366531,64786600
8/4/2021,144.154953,144.9789723,143.4976984,144.4688737,56368300
8/5/2021,144.2628479,145.0280107,143.3897767,144.1843677,46397700
8/6/2021,143.5751343,144.5281113,143.0740906,143.7814552,54126800
8/9/2021,143.5260468,144.1253416,142.9660583,143.6341168,48908700
8/10/2021,143.0446472,145.1176162,142.7499094,143.8699012,69023100
8/11/2021,143.3000641,144.1449711,142.975854,143.4867319,48493500
8/12/2021,146.276886,146.4340815,143.2804124,143.6242757,72282600
8/13/2021,146.4832306,146.8172598,145.6677957,146.3555074,59375000
8/16/2021,148.4677582,148.5365368,143.8993742,145.9330368,103296000
8/17/2021,147.5540924,149.0179326,146.473392,147.5933838,92229700
8/18/2021,143.7913055,148.0747858,143.5849846,147.1709341,86326000
8/19/2021,144.1253204,145.4025076,141.9639348,142.4846318,86960300
8/20/2021,145.5891724,145.8937293,144.2039152,144.8523353,60549600
8/23/2021,147.0824738,147.5540452,145.294409,145.7070359,60131800
8/24/2021,146.9940796,148.2123223,146.5323272,146.827065,48606400
8/25/2021,145.7561646,147.6817716,145.2059954,147.1807129,58991300
8/26/2021,144.9505768,146.5028486,144.9211045,145.7463734,48597200
8/27/2021,145.9919891,146.1393506,144.2530495,144.8916356,55802400
8/30/2021,150.4326477,150.7961642,146.0018063,146.384961,90956700
8/31/2021,149.1653137,150.118291,148.6347826,149.9807486,86453100
9/1/2021,149.8333588,152.2600101,149.6663442,150.1477498,80313700
9/2/2021,150.9533386,152.0045666,149.7252769,151.1694787,71115500
9/3/2021,151.5919495,151.9161596,150.4031791,151.0614184,57808700
9/7/2021,153.9399719,154.4999602,151.6803357,152.2501581,82278300
9/8/2021,152.3877563,154.2838769,151.2775835,154.2249323,74420200
9/9/2021,151.3659973,153.3701876,151.2480932,152.7610738,57305700
9/10/2021,146.355484,152.751224,146.0902185,152.2796525,140893200
9/13/2021,146.9253082,148.7624838,146.1393457,147.9863554,102404300
9/14/2021,145.5203705,148.4186076,144.3316153,147.711243,109296300
9/15/2021,146.4144287,146.8172366,143.8011098,145.9526763,83281300
9/16/2021,146.1786499,146.3554986,144.636212,145.8348016,68034100
9/17/2021,143.4965668,146.2081369,143.2018289,146.2081369,129868800
9/20/2021,140.4313049,142.2979526,138.7906164,141.2762119,123478900
9/21/2021,140.9127045,142.0621834,140.2741184,141.4039291,75834000
9/22/2021,143.2902679,143.8600755,141.1779925,141.9148296,76404300
9/23/2021,144.2530365,144.4986488,143.0839194,144.0761878,64838200
9/24/2021,144.3414612,144.8818113,143.0053294,143.1035804,53477900
9/27/2021,142.8186646,143.3983211,141.29588,142.9169155,74150700
9/28/2021,139.4193878,142.2095403,139.2032478,140.7358663,108972300
9/29/2021,140.3232727,141.9148362,139.5373101,139.9695903,74602000
9/30/2021,139.0165863,141.8460453,138.8004462,141.1386805,89056700
10/1/2021,140.1464081,140.4116736,136.6685436,139.409571,94639600
10/4/2021,136.6980286,139.7141559,135.8433023,139.2720416,98322000
10/5/2021,138.6334534,139.7436261,136.9141667,137.0418899,80861100
10/6/2021,139.5078125,139.6551739,135.9415164,137.0222168,83221100
10/7/2021,140.7751617,141.6888474,140.2151734,140.5492026,61732700
10/8/2021,140.3920288,141.649563,140.0579996,141.5022016,58773200
10/11/2021,140.3036194,142.2685185,139.3211698,139.7731032,64452200
10/12/2021,139.0263977,140.7358649,138.5646453,140.7162117,73035900
10/13/2021,138.4369354,138.918326,136.7569405,138.7611455,78762700
10/14/2021,141.2369232,141.3548273,139.026412,139.6158877,69907100
10/15/2021,142.2980042,142.3569487,140.9913443,141.2467908,67940300
10/18/2021,143.977951,144.2628548,140.6474484,140.9323522,85589200
10/19/2021,146.1491699,146.5519778,143.9779651,144.4298834,76378900
10/20/2021,146.6404114,147.121817,145.5204195,146.090242,58418800
10/21/2021,146.8565216,147.0137171,145.2747776,146.1982824,61421000
10/22/2021,146.0804138,147.5442539,146.0312883,147.0628633,58883400
10/25/2021,146.0312653,146.7484491,145.0291628,146.0705566,50720600
10/26/2021,146.6993561,148.1926684,146.3947842,146.7091752,60893400
10/27/2021,146.2376099,147.1021552,145.8839275,146.7386537,56094900
10/28/2021,149.8922882,150.4817488,147.0923019,147.1905528,100077900
10/29/2021,147.170929,147.3084713,143.840426,144.6362076,124953200
11/1/2021,146.3456421,147.0726449,145.2059974,146.3751144,74588300
11/2/2021,147.3870697,148.9098693,146.0411038,146.0509379,69122000
11/3/2021,148.8312836,149.3028551,147.1905947,147.7505831,54511500
11/4/2021,148.3105774,149.7547643,147.9961864,148.9196913,60394600
11/5/2021,148.8418427,149.7470134,147.641504,149.442012,65463900
11/8/2021,148.0153961,149.127189,147.73991,148.9697641,55020900
11/9/2021,148.379425,148.9894278,147.6415126,147.7792557,56787900
11/10/2021,145.5360107,147.7103994,145.4671467,147.6021716,65187100
11/11/2021,145.4868011,147.0216565,145.2998609,146.5592452,41000000
11/12/2021,147.5726471,147.9760278,145.1030906,146.0377767,63804000
11/15/2021,147.5824738,149.4321789,147.0216531,147.9465057,59222800
11/16/2021,148.56633,149.048438,146.9330806,147.5234164,59256200
11/17/2021,151.0162506,152.501909,148.5565424,148.5663758,88807000
11/18/2021,155.3256683,156.1127781,150.5833581,151.2327248,137827700
11/19/2021,157.9624786,158.424905,154.0072633,155.1092078,117305600
11/22/2021,158.424881,163.0294473,158.4051991,159.0742325,117467900
11/23/2021,158.8085785,159.1922923,156.4964471,158.523244,96041900
11/24/2021,159.3300476,159.5268212,157.0671132,158.1592242,69463600
11/26/2021,154.2827148,157.8640489,153.8399704,156.998242,76959800
11/29/2021,157.6574554,158.5921415,156.2308127,156.8014668,88748200
11/30/2021,162.6358948,162.8523503,157.3425984,157.4114774,174048100
12/1/2021,162.1144714,167.5553454,161.878334,164.780787,152052500
12/2/2021,161.1207275,161.5536386,155.2567913,156.1816441,136739200
12/3/2021,159.2316742,162.3014004,157.1458463,161.3765477,118023100
12/6/2021,162.6555786,165.1743172,161.6323317,161.6421651,107497000
12/7/2021,168.4211426,168.8147049,165.6269175,166.3549966,120405400
12/8/2021,172.2582703,173.1240923,167.9488571,169.3558179,116998900
12/9/2021,171.7466736,173.9013805,171.1169888,172.0910388,108923700
12/10/2021,176.5578308,176.7349376,171.8745524,172.3861758,115402700
12/13/2021,172.9076385,179.1946516,172.7010165,178.2009199,153237000
12/14/2021,171.5203552,174.8754004,169.4345277,172.4255259,139380400
12/15/2021,176.4103088,176.6070825,169.532958,172.2878347,131063300
12/16/2021,169.4837341,178.2206228,167.9980757,176.3905992,150185800
12/17/2021,168.3817902,170.6742401,166.9551624,167.1912847,195432700
12/20/2021,167.0142059,167.830831,164.7611196,165.5678961,107499100
12/21/2021,170.2019501,170.4085571,166.3943121,168.7949894,91185900
12/22/2021,172.8092651,173.0257207,169.375507,170.2511625,92135300
12/23/2021,173.4389801,173.9998009,172.4452632,173.0159174,68356600
12/27/2021,177.4236603,177.5122062,174.2162064,174.2358733,74919600
12/28/2021,176.4004364,178.4075668,175.6526905,177.2564251,79144300
12/29/2021,176.4889984,177.7188526,175.2689777,176.4398012,62348900
12/30/2021,175.3280029,177.6598166,175.2197752,176.5775389,59773000
12/31/2021,174.7081604,176.3413952,174.403144,175.2197689,64062300
1/3/2022,179.0765839,179.9325725,174.8458979,174.9639591,104487900
1/4/2022,176.803833,179.9916204,176.2331789,179.686619,99310400
1/5/2022,172.1008606,177.2662478,171.8253745,176.7152756,94537600
1/6/2022,169.2279358,172.4747538,168.8737372,169.9166511,96904000
1/7/2022,169.3952026,171.3334541,168.2735762,170.1035999,86709100
1/10/2022,169.414856,169.7198574,165.4596412,166.3549785,106765600
1/11/2022,172.2582703,172.3566496,168.0669333,169.5427581,76138300
1/12/2022,172.7010498,174.3244514,172.002501,173.2815374,74805200
1/13/2022,169.414856,173.7734515,169.0212937,172.9469932,84505800
1/14/2022,170.2806854,170.9792341,168.3325857,168.5785566,80440800
1/18/2022,167.0633698,169.7592001,166.6796559,168.7458016,90956700
1/19/2022,163.5509338,168.3227743,163.2656143,167.2601785,94815000
1/20/2022,161.8586273,166.9453019,161.533944,164.2888201,91420500
1/21/2022,159.7924957,163.6493166,159.684268,161.7700958,122848900
1/24/2022,159.0151978,159.6842461,152.2067278,157.4409936,162294600
1/25/2022,157.2048645,160.1368324,154.4893521,156.4177549,115798400
1/26/2022,157.1163177,161.740566,155.2764609,160.8649105,108275300
1/27/2022,156.6539001,161.1994362,155.7290474,159.831839,121954600
1/28/2022,167.5848083,167.6044902,160.1761699,163.0392733,179935700
1/31/2022,171.9631348,172.1795903,166.7780652,167.4175984,115541600
2/1/2022,171.7958527,172.0221416,169.5329182,171.2055167,86213900
2/2/2022,173.006012,173.0453757,170.5364706,171.9335829,84914300
2/3/2022,170.1134186,173.3996002,169.3459908,171.667956,89418100
2/4/2022,169.8277283,171.5123188,168.1431378,169.1282745,82465400
2/7/2022,169.1085968,171.3645536,168.409143,170.290758,77251200
2/8/2022,172.2314758,172.7437512,168.8820015,169.1775456,74829200
2/9/2022,173.6599426,174.0244385,172.3004488,173.4333653,71285000
2/10/2022,169.5617371,172.8717972,169.0002169,171.5517176,90865900
2/11/2022,166.1334839,170.5074941,165.5423957,169.7686414,98670700
2/14/2022,166.3699036,167.0594963,164.084379,164.8823374,86185500
2/15/2022,170.2217712,170.3793967,167.7195305,168.4288302,62527400
2/16/2022,169.9853516,170.763603,167.5225097,169.2957588,61177400
2/17/2022,166.3699036,169.3548668,165.9659939,168.4879416,69589300
2/18/2022,164.8133698,168.005203,163.7198674,167.2959184,82772700
2/22/2022,161.8776703,164.2124395,159.7399104,162.5278491,91162800
2/23/2022,157.6908569,163.6804755,157.3756059,163.0795415,90009200
2/24/2022,160.3211975,160.4295632,149.7408209,150.3122022,141147500
2/25/2022,162.399826,162.6658022,158.4789703,161.4048281,91974200
2/28/2022,162.6657715,162.9613155,160.0157513,160.6363922,95056600
3/1/2022,160.7743073,164.1237811,159.5625933,162.2520123,83474400
3/2/2022,164.0843658,164.8724782,160.5280218,161.946621,79724800
3/3/2022,163.7592926,166.3994671,163.0894068,165.9660045,76678400
3/4/2022,160.7447815,163.0894121,159.6906929,162.0451694,83737200
3/7/2022,156.932312,162.5672963,156.6761668,160.9319654,96418800
3/8/2022,155.0999146,160.4590603,153.4842911,156.4594079,131148300
3/9/2022,160.5280609,160.9812305,157.0406828,159.0799084,91454900
3/10/2022,156.1638794,158.0060803,153.6616237,157.8189019,105342000
3/11/2022,152.4302368,156.912613,152.2036595,156.567809,96970100
3/14/2022,148.3812866,151.8292651,147.8690264,149.1989519,108732100
3/15/2022,152.7848358,153.2577122,148.1448507,148.6571109,92964300
3/16/2022,157.2179718,157.6218815,152.1642304,154.715731,102300200
3/17/2022,158.2326965,158.6070534,155.2871466,156.2525766,75615400
3/18/2022,161.5427246,162.035293,157.3854462,158.1242988,123511700
3/21/2022,162.921936,163.87752,160.5871515,161.0797199,95811400
3/22/2022,166.3108063,166.9018794,162.4589177,163.0499908,81532000
3/23/2022,167.68013,170.0740051,165.1581673,165.4931253,98062700
3/24/2022,171.4827728,171.5517246,167.6801441,168.5175014,90131400
3/25/2022,172.1230774,172.6747515,170.182357,171.2955662,80546200
3/28/2022,172.990036,173.1180936,169.4435374,169.6110088,90371900
3/29/2022,176.3001099,176.3493547,173.7190409,174.0638448,100589400
3/30/2022,175.1277771,176.9404252,174.0736735,175.8961826,92633200
3/31/2022,172.0147247,175.3838905,171.8078394,175.1967122,103049300
4/1/2022,171.7191772,172.2807124,169.3844081,171.4433402,78751300
4/4/2022,175.7878113,175.8370711,171.8472641,171.9753367,76468400
4/5/2022,172.4580536,175.6499024,171.8275666,174.8617899,73401800
4/6/2022,169.2760315,171.0492805,167.6013022,169.7981527,89058800
4/7/2022,169.5814362,170.7833042,167.3254797,168.6160064,77594700
4/8/2022,167.5619354,169.2268192,166.6851642,169.2268192,76575500
4/11/2022,163.2864227,166.5176702,163.0401385,166.2024342,72246700
4/12/2022,165.1680603,167.3452045,164.1632164,165.5227102,79265200
4/13/2022,167.8672791,168.4977659,164.2912432,164.9020231,70618900
4/14/2022,162.8332367,168.7243649,162.5869525,168.0840171,75329400
4/18/2022,162.6165161,164.123774,161.1388111,161.4835999,69023900
4/19/2022,164.911911,165.3256817,161.4737929,162.5672954,67723800
4/20/2022,164.7444305,166.3699154,163.6312361,166.2516887,67929800
4/21/2022,163.9464722,168.9805221,163.4440578,166.3994683,87227800
4/22/2022,159.3852692,165.3749024,159.0995861,163.985871,84882400
4/25/2022,160.4590912,160.7447743,156.1047882,158.7252408,96046400
4/26/2022,154.4694672,159.9271189,154.3906544,159.8384602,95623200
4/27/2022,154.2428589,157.4149852,153.0705438,153.5926651,88063200
4/28/2022,161.2077789,162.0747041,156.5677782,156.8830292,130216800
4/29/2022,155.3067932,163.7297149,154.9127445,159.4345184,131747600
5/2/2022,155.6122284,155.8782045,150.991934,154.3808073,123055300
5/3/2022,157.1096344,158.3213637,153.9966131,155.7994005,88966500
5/4/2022,163.5524292,164.0055837,156.8928943,157.296804,108256500
5/5/2022,154.4398804,161.641227,152.6469244,161.4146498,130525300
5/6/2022,155.1699677,157.3009932,152.1115505,153.9170015,116124600
5/9/2022,150.019989,153.7394156,149.4576439,152.8514808,131577900
5/10/2022,152.4371185,154.6372121,150.8783137,153.4335782,115366700
5/11/2022,144.5345917,153.3645176,143.8538461,151.4406814,142689800
5/12/2022,140.6474457,144.2386117,136.9378944,140.854635,182602000
5/13/2022,145.1363831,146.1131067,141.1900468,142.650187,113990900
5/16/2022,143.5874329,145.5408801,142.245678,143.5973083,86643800
5/17/2022,147.2378235,147.7607119,144.7121554,146.8629167,78336300
5/18/2022,138.9308014,145.3830558,138.0231306,144.8799032,109742900
5/19/2022,135.5073547,139.7595305,134.7674165,138.0034117,136095600
5/20/2022,135.7440948,138.8123718,130.8309105,137.2239709,137426100
5/23/2022,141.1900635,141.3380451,135.8033072,135.9414284,117726300
5/24/2022,138.4769592,140.0653604,135.4876103,138.9209191,104132700
5/25/2022,138.6348267,139.8877779,136.4840651,136.5728541,92482700
5/26/2022,141.851059,142.4035436,135.3001412,135.5467872,90601500
5/27/2022,147.6324463,147.671903,143.3112031,143.4394638,90978500
5/31/2022,146.8431854,148.6387759,144.8700171,147.0701106,103718400
6/1/2022,146.7149353,149.7042841,145.6987398,147.8889578,74286600
6/2/2022,149.1813965,149.2405891,144.8897494,145.8467372,72348100
6/3/2022,143.4295959,145.9848451,142.5219404,144.9291929,88570300
6/6/2022,144.1793976,146.5768047,142.9560279,145.0574568,71598400
6/7/2022,146.7149353,147.0010381,142.1667818,142.4134278,67808200
6/8/2022,145.9749908,147.859355,145.4816988,146.5866682,53950200
6/9/2022,140.7263641,145.9651236,140.6178393,145.1068002,69473000
6/10/2022,135.2902832,138.8715733,135.2212151,138.3980171,91437900
6/13/2022,130.1107635,133.3862161,129.676664,131.0874725,122207100
6/14/2022,130.9789124,132.0937573,129.7160858,131.3439587,84784300
6/15/2022,133.6130981,135.4974777,130.3869785,132.4883927,91533000
6/16/2022,128.3151398,130.6138828,127.3088197,130.3080441,108123900
6/17/2022,129.7950287,131.294641,128.0685062,128.3250277,134520300
6/21/2022,134.0471954,135.2212331,131.5314177,131.6300671,81000500
6/22/2022,133.5341949,135.9118517,132.1135111,132.9816951,73409200
6/23/2022,136.4150085,136.7307077,133.8104267,134.9844644,72433800
6/24/2022,139.7595215,140.0061675,137.8948779,138.0231237,89116800
6/27/2022,139.7595215,141.5649724,139.078776,140.7855624,70207900
6/28/2022,135.5961456,141.4959154,135.4777603,140.2232283,67083400
6/29/2022,137.3621063,138.7827899,134.8364533,135.6158632,66242400
6/30/2022,134.885788,136.5136458,131.9753677,135.4086764,98964500
7/1/2022,137.0661469,137.1746717,133.8400271,134.2149189,71051600
7/5/2022,139.6608582,139.7101904,135.0929685,135.9217106,73353800
7/6/2022,141.0026093,142.1865073,139.187298,139.4536799,74064300
7/7/2022,144.3866119,144.5839258,141.357791,141.3676515,66253700
7/8/2022,145.0673218,145.5704893,143.0546968,143.3112033,64547800
7/11/2022,142.9264374,144.6726955,141.8510643,143.7157077,63141600
7/12/2022,143.9031677,146.4584171,143.104037,143.8045033,77588800
7/13/2022,143.5381622,144.4852748,140.2133627,141.0717014,71185600
7/14/2022,146.4781799,146.9517362,141.3282084,142.1470752,78140700
7/15/2022,148.1553497,148.8360952,146.2117776,147.7705825,76259900
7/18/2022,145.0969543,149.5365835,144.7319079,148.7177168,81420900
7/19/2022,148.9741974,149.2011075,144.9390721,145.9355166,82982400
7/20/2022,150.9868469,151.657732,148.3526688,149.092607,64823400
7/21/2022,153.2658539,153.4829036,149.9015983,152.4272513,65086600
7/22/2022,152.0227509,154.1833726,151.3518808,153.3053133,66675400
7/25/2022,150.8980408,152.959998,150.2370312,151.9438175,53623900
7/26/2022,149.5661774,151.0361783,148.776907,150.2173115,55138700
7/27/2022,154.6865082,155.219272,150.1186342,150.5329977,78620700
7/28/2022,155.2390137,155.5251164,152.338454,154.8739673,81378700
7/29/2022,160.3297882,161.4347727,157.3601753,159.0768371,101786900
8/1/2022,159.3432159,161.395313,158.7315385,158.8499238,67829400
8/2/2022,157.8633423,160.2311535,157.4884505,157.9521463,59907000
8/3/2022,163.9012604,164.3550807,158.5934318,158.6822208,82507500
8/4/2022,163.5855255,164.9470165,162.2240345,163.7828393,55474100
8/5/2022,163.3582916,163.8522689,161.0365924,161.2440695,56697000
8/8/2022,162.8840485,165.788637,162.2221208,164.3659802,60276900
8/9/2022,162.9334869,163.8226552,161.2836044,162.0443337,63135500
8/10/2022,167.2014465,167.300233,164.8896212,165.6602247,70170500
8/11/2022,166.4605103,168.9303973,166.1641208,168.0115915,57149200
8/12/2022,170.0270081,170.096157,167.3595183,167.7744726,68039400
8/15/2022,171.1038666,171.3014545,169.2860337,169.4539841,54091700
8/16/2022,170.9458008,171.6176178,169.5923077,170.6988121,56377100
8/17/2022,172.4474792,174.0281976,170.4913334,170.6889213,79542000
8/18/2022,172.0522919,172.7932578,171.0346998,171.6571161,62290100
8/19/2022,169.45401,171.6472709,169.2465329,170.9458163,70346300
8/22/2022,165.5515442,167.8139534,165.1267159,167.6460029,69026800
8/23/2022,165.2156525,166.6778362,164.642637,165.0674653,54147100
8/24/2022,165.5120392,166.0850547,164.2474585,165.3045772,53841500
8/25/2022,167.9819031,168.0905787,166.3221467,166.7469599,51218200
8/26/2022,161.6491241,168.9896345,161.5898493,168.5154206,78961000
8/29/2022,159.4361115,160.9377915,157.8949048,159.208871,73314000
8/30/2022,156.9959106,160.6019399,155.8202419,160.1771265,77906200
8/31/2022,155.3262177,158.6457456,155.2471795,158.3789936,87991100
9/1/2022,156.057312,156.5117627,152.806933,154.7532047,74229900
9/2/2022,153.9332275,158.4284247,153.1033492,157.8257717,76957800
9/6/2022,152.6686401,155.1978018,151.8387618,154.5852747,73714800
9/7/2022,154.0813904,154.7828296,151.7596913,152.9551229,87449600
9/8/2022,152.5994873,154.4765952,150.8409141,152.7773119,84923800
9/9/2022,155.474411,155.9190026,152.8859748,153.5973033,68028800
9/12/2022,161.4614105,162.2814146,157.3811683,157.6676685,104956000
9/13/2022,151.9869537,158.6062475,151.5226138,157.9739571,122656600
9/14/2022,153.4392395,155.2076868,151.7597196,152.9254988,87965400
9/15/2022,150.5346375,153.3700774,149.556572,152.7871727,90481100
9/16/2022,148.8847504,149.5269299,146.5828144,149.3886168,162278800
9/19/2022,152.6192322,152.6982704,147.3040463,147.5115084,81474200
9/20/2022,155.0100708,156.1758651,151.2360921,151.5522297,107689800
9/21/2022,151.8683929,156.8279296,151.7498432,155.444784,101696800
9/22/2022,150.9002075,152.6093649,149.0922486,150.5445432,86652500
9/23/2022,148.6179962,149.6454774,146.770526,149.3688513,96029900
9/26/2022,148.9539185,151.9177822,147.8375249,147.8572883,93339400
9/27/2022,149.9319916,152.856344,148.1437961,150.900198,84442700
9/28/2022,148.0350952,148.8254618,143.0953228,145.8615984,146691400
9/29/2022,140.7637634,144.9526962,138.9854422,144.3401692,128138200
9/30/2022,136.5353241,141.3763107,136.3377362,139.5782261,124925300
10/3/2022,140.7341461,141.3466883,136.0314871,136.5452278,114311700
10/4/2022,144.3401794,144.4587292,142.5223314,143.2830607,87830100
10/5/2022,144.6365356,145.6047419,141.2873704,142.3346149,79471000
10/6/2022,143.6782379,145.7628228,143.4707759,144.0536655,68402200
10/7/2022,138.4025574,141.3763104,137.770267,140.8230431,85925600
10/10/2022,138.7285614,140.1808556,136.9008547,138.7285614,74899000
10/11/2022,137.3059235,139.6473861,136.5550834,138.2148399,77033700
10/12/2022,136.673645,138.6693177,136.4958204,137.4541376,70433700
10/13/2022,141.2676239,141.8603876,132.7514456,133.3639876,113224000
10/14/2022,136.7131653,142.7792061,136.5254515,142.5717289,88598000
10/17/2022,140.6946411,141.1787293,138.5804185,139.3707854,85250900
10/18/2022,142.0184937,144.9329571,138.9163164,143.7375403,99136600
10/19/2022,142.1271515,143.2040184,139.795578,139.9832918,61758300
10/20/2022,141.6628418,144.1327289,140.9317498,141.2973033,64522000
10/21/2022,145.4960785,146.069094,140.931718,141.1490692,86548600
10/24/2022,147.649826,148.4204295,144.2413854,145.4170539,75981900
10/25/2022,150.5050049,150.6532071,147.5609043,148.282107,74732300
10/26/2022,147.5510101,150.1592094,146.2567771,149.1416175,88194300
10/27/2022,143.0558319,147.254639,142.3939041,146.2864477,109180200
10/28/2022,153.8640442,155.6028387,146.0394461,146.4148586,164762400
10/31/2022,151.4929657,152.3821339,150.0900719,151.3151411,97943200
11/1/2022,148.8353577,153.5775429,147.3336775,153.2120045,80379300
11/2/2022,143.2830353,150.3370296,143.2533979,147.155815,93604600
11/3/2022,137.2071228,141.0799025,137.0786839,140.3488108,97918500
11/4/2022,136.9399567,141.1853062,132.9815826,140.6113402,140814800
11/7/2022,137.4743347,137.701937,134.2581557,135.6831728,83374600
11/8/2022,138.0483093,139.9582178,136.0592316,138.9488431,89908500
11/9/2022,133.4664612,137.1081729,133.1893762,137.0586902,74917800
11/10/2022,145.3415985,145.3415985,138.0482989,139.7701971,118854000
11/11/2022,148.1421356,148.4489072,142.8676007,144.3025233,93979700
11/14/2022,146.736908,148.7160948,145.8957475,147.4197298,73374100
11/15/2022,148.4786224,151.9916829,147.0140281,150.6359444,89868300
11/16/2022,147.2416229,148.3103858,145.7572325,147.5780962,64218300
11/17/2022,149.151535,149.9036207,144.6290854,144.9061704,80389400
11/18/2022,149.7155914,151.1109219,148.4093359,150.724981,74829600
11/21/2022,146.4697571,148.8051988,146.1827816,148.5973926,58724100
11/22/2022,148.617157,148.8546649,145.4009778,146.5885022,51804100
11/23/2022,149.4979095,150.2499952,147.7859018,147.8947577,58301400
11/25/2022,146.5686951,147.3306863,145.5889921,146.7666107,35195900
11/28/2022,142.7191772,145.1139917,141.8879223,143.6296015,69246000
11/29/2022,139.7009125,143.3030322,138.8894537,142.7884394,83763800
11/30/2022,146.4895325,147.1723544,139.0873769,139.9285224,111380900
12/1/2022,146.7666016,147.5780754,145.0842957,146.6676513,71250400
12/2/2022,146.2718048,146.45983,144.1342793,144.441066,65447400
12/5/2022,145.1040802,149.3494291,144.2530293,146.232216,68826400
12/6/2022,141.422821,145.7671362,140.443118,145.5395339,64727200
12/7/2022,139.4733276,141.8780329,138.5431072,140.7103197,69721100
12/8/2022,141.1655121,142.0264687,139.6316542,140.8785366,62128300
12/9/2022,140.6806183,144.0551358,139.4337208,140.8587379,76097000
12/12/2022,142.9863739,142.9962644,139.5920603,141.214993,70462700
12/13/2022,143.9561615,148.4093321,142.7389658,147.9442219,93886200
12/14/2022,141.719696,145.1337907,139.6910263,143.8374256,82291200
12/15/2022,135.0795288,140.324378,134.6144186,139.641556,98931900
12/16/2022,133.110199,136.2175216,132.3383174,135.2675204,160156900
12/19/2022,130.9925232,133.7930754,129.9534618,133.7040156,79592600
12/20/2022,130.923233,131.8633439,128.5383089,130.0226993,77432800
12/21/2022,134.0404205,135.3862681,131.3685214,131.5961237,85928000
12/22/2022,130.8539276,133.159682,128.9440196,132.9518758,77852100
12/23/2022,130.487793,131.0419629,128.2908943,129.5575727,63814900
12/27/2022,128.6768494,130.0424933,127.3804842,130.0128067,69007800
12/28/2022,124.7283707,129.6664403,124.5601416,128.3205925,85438400
12/29/2022,128.2612305,129.1221721,126.4007972,126.6580861,75703700
12/30/2022,128.5778961,128.5976922,126.1039195,127.0737246,77034200
1/3/2023,123.7684631,129.5377877,122.8778274,128.9242445,112117500
1/4/2023,125.0450287,127.3210966,123.7783503,125.569512,89113600
1/5/2023,123.7189713,126.4403533,123.4616824,125.8070141,80962700
1/6/2023,128.2711182,128.9341441,123.5903446,124.6986922,87754700
1/9/2023,128.795578,132.0216622,128.5382891,129.1122551,70790800
1/10/2023,129.3695526,129.894036,126.786713,128.9044425,63896200
1/11/2023,132.1008606,132.1206416,129.1023931,129.8841654,69458900
1/12/2023,132.0216675,132.8628129,130.0721672,132.4867776,71379600
1/13/2023,133.357605,133.5159436,130.2898744,130.6560191,57809700
1/17/2023,134.5253448,135.861287,132.734183,133.4268954,63646600
1/18/2023,133.802948,137.16756,133.6248133,135.3961942,69672800
1/19/2023,133.8623047,134.832102,132.3779146,132.6846861,58280400
1/20/2023,136.4352417,136.5836898,132.8232317,133.8721983,80223600
1/23/2023,139.6415405,141.8285488,136.4649387,136.6826505,81760300
1/24/2023,141.0467529,141.6702016,138.8399638,138.8498543,66435100
1/25/2023,140.383728,140.9477884,137.365465,139.4238212,65799300
1/26/2023,142.4618988,142.7488743,140.4233233,141.6801114,54105100
1/27/2023,144.411377,145.6978516,141.5910444,141.6702137,70555800
1/30/2023,141.5118713,144.0353378,141.3634384,143.4514813,64015300
1/31/2023,142.7884521,142.8379348,140.7993745,141.215002,65874500
2/1/2023,143.9165802,145.0843084,139.8493653,142.4717821,77663600
2/2/2023,149.2505035,149.6067427,146.6280716,147.3504707,118339000
2/3/2023,152.8921814,155.7422152,146.2915952,146.4895108,154357300
2/6/2023,150.1510162,151.5067696,149.2109054,150.9822862,69858300
2/7/2023,153.0406342,153.6146002,149.0723695,149.0723695,83322600
2/8/2023,150.3390503,152.9713728,149.5968551,152.2786603,64120100
2/9/2023,149.2999573,152.7239572,148.8546432,152.1796778,56007100
2/10/2023,149.6666718,149.993738,147.8926015,148.130472,57450700
2/13/2023,152.4814301,152.8877714,149.5774861,149.607218,62199000
2/14/2023,151.837204,152.4021408,149.5180231,150.7668093,61707600
2/15/2023,153.9482574,154.1167434,151.5200545,151.7480043,65573800
2/16/2023,152.3426819,154.9393709,151.9858837,152.1444489,68167900
2/17/2023,151.1929932,151.6389872,149.5081186,150.9947753,59144100
2/21/2023,147.1591797,149.9541014,147.0898102,148.8638805,58867200
2/22/2023,147.5853729,148.6161149,145.8509401,147.5457203,51011300
2/23/2023,148.0710144,149.0026551,145.9302401,148.754879,48394200
2/24/2023,145.404953,145.8806789,144.4237541,145.8013888,55469600
2/27/2023,146.6041718,147.8430523,146.1383514,146.3960483,44998500
2/28/2023,146.0987091,147.7538517,145.5238667,145.7419109,50547000
3/1/2023,144.0173798,145.9202984,143.7200454,145.5238627,55479000
3/2/2023,144.6120605,145.4049472,142.6199308,143.0956719,52238100
3/3/2023,149.6865082,149.7657984,146.0194246,146.7231003,70732300
3/6/2023,152.4616089,154.9096382,152.0949051,152.4219562,87558000
3/7/2023,150.2514343,152.6598108,149.785614,152.3327445,56182000
3/8/2023,151.5101318,152.1048006,150.4793899,151.450668,47204800
3/9/2023,149.250412,153.1652714,148.8936138,152.1939933,53833600
3/10/2023,147.1790009,149.597298,146.2969186,148.873796,68572400
3/13/2023,149.131485,151.777732,146.3861215,146.4951436,84457100
3/14/2023,151.2326355,152.0354277,148.7647949,149.934291,73695900
3/15/2023,151.6290741,151.8867558,148.5863762,149.8450831,77167900
3/16/2023,154.463623,155.0681973,150.291067,150.8064455,76161100
3/17/2023,153.62117,155.345697,152.9075737,154.6915645,98944600
3/20/2023,155.9998474,156.4161246,152.7787577,153.6905872,73641400
3/21/2023,157.8631134,157.9820411,155.1474818,155.9205572,73938300
3/22/2023,156.4260254,160.6976834,156.4061991,157.8829502,75701800
3/23/2023,157.5162048,160.1129085,156.2773244,157.4171035,67622100
3/24/2023,158.8244781,158.9136739,156.4458337,157.4468437,59196500
3/27/2023,156.871994,159.3398493,156.4656376,158.5172309,52390300
3/28/2023,156.2476196,157.0801589,154.5924769,156.5647803,45992200
3/29/2023,159.3398895,159.6173976,157.9325228,157.952334,51305700
3/30/2023,160.9157257,161.0247478,159.8354254,160.0931072,49501700
3/31/2023,163.4331055,163.532222,160.4697131,160.9949972,68749800
4/3/2023,164.6918335,164.8107612,162.7591827,162.808741,56976200
4/4/2023,164.1566162,165.355844,163.6412377,165.1179886,46278300
4/5/2023,162.3032379,163.581771,160.3606819,163.274531,51511700
4/6/2023,163.1952972,163.4926317,160.5589552,160.985123,45390100
4/10/2023,160.5886688,160.5886688,158.656018,159.9840944,47716900
4/11/2023,159.3695984,160.9157189,159.0821696,160.9058133,47644200
4/12/2023,158.6758118,160.6183678,158.3586511,159.7858438,50133100
4/13/2023,164.087265,164.3251355,159.9840928,160.1922314,68445600
4/14/2023,163.7403717,164.8404982,162.3627371,163.1258767,49386500
4/17/2023,163.7601776,163.9187579,162.5708553,163.6214236,41516200
4/18/2023,164.9891663,165.9208069,164.1764533,164.6224624,49923000
4/19/2023,166.138855,166.6641392,164.067435,164.3251319,47720200
4/20/2023,165.1675568,166.3767054,164.0872565,164.6125407,52456400
4/21/2023,163.552063,164.9693351,163.0267788,163.5817949,58337300
4/24/2023,163.8592987,164.1269011,162.4321059,163.5322324,41949600
4/25/2023,162.3132019,164.8306009,162.2735493,163.7205686,48714100
4/26/2023,162.3032379,163.8097207,161.3517862,161.6094679,45498800
4/27/2023,166.9119263,167.0605859,163.7205683,163.7205683,64902300
4/28/2023,168.1705933,168.3390943,166.3866174,166.9911917,55209200
5/1/2023,168.0814209,168.9337714,167.1398746,167.7741809,52472900
5/2/2023,167.040741,168.8346528,166.0496365,168.5769559,48425700
5/3/2023,165.960434,169.3995675,165.6730203,167.9922011,65136000
5/4/2023,164.3151855,165.554066,162.8483553,163.4231977,81235400
5/5/2023,172.026001,172.749503,169.2409849,169.459029,113316400
5/8/2023,171.956604,172.3034966,170.5789696,170.9456733,55962800
5/9/2023,170.2420349,171.9962791,170.073549,171.5106475,45326900
5/10/2023,172.016098,172.4819184,170.3708609,171.4809082,53724500
5/11/2023,172.2043915,173.0369156,170.6384447,172.303508,49514700
5/12/2023,171.2714691,172.7502476,169.7132756,172.3135561,45497800
5/15/2023,170.775238,171.9066593,170.1797468,171.8570325,37266700
5/16/2023,170.775238,171.8371788,170.5072655,170.6958382,42110300
5/17/2023,171.390564,171.6287483,169.1376408,170.4179424,57951600
5/18/2023,173.7328033,173.9213761,171.2813882,171.698226,65496700
5/19/2023,173.84198,175.0627204,173.6236342,175.0627204,55772400
5/22/2023,172.8892059,173.3953781,172.1448494,172.6708601,43570900
5/23/2023,170.2690582,172.0753705,169.9911664,171.8272517,50747300
5/24/2023,170.5469513,171.1225888,169.2368918,169.8025948,45143500
5/25/2023,171.6883087,172.5914497,170.3980878,171.1126712,56058300
5/26/2023,174.1099548,174.447408,171.8074197,172.0158462,54835000
5/30/2023,175.9658813,177.6431671,175.2413786,175.6284434,55964400
5/31/2023,175.9162598,178.0004641,175.4299414,175.9956596,99625300
6/1/2023,178.7348785,178.7646516,175.5986529,176.3628631,68901800
6/2/2023,179.5884094,180.4121658,177.9111237,179.6678093,61945900
6/5/2023,178.228714,183.5583014,176.7002936,181.2557666,121946500
6/6/2023,177.8615112,178.7646523,176.0948912,178.615787,64848400
6/7/2023,176.4819641,179.8464548,175.9857265,177.0972939,61944600
6/8/2023,179.2112732,179.4792306,176.1246744,176.5613508,50214900
6/9/2023,179.5983734,180.8588064,179.2708547,180.1343035,48870700
6/12/2023,182.4070282,182.5062818,179.6082557,179.9060014,54274900
6/13/2023,181.9306488,182.7643244,181.0672001,181.4244918,54929100
6/14/2023,182.5658264,183.002518,180.6503564,181.9901889,57462900
6/15/2023,184.6103363,185.1165084,182.3971205,182.5757739,65433200
6/16/2023,183.5285187,185.5829497,182.8834158,185.3248964,101235600
6/20/2023,183.6178436,184.6996532,183.0223676,183.0223676,49799100
6/21/2023,182.5757751,184.0148614,181.2160736,183.5086893,49515700
6/22/2023,185.5928802,185.642507,182.2879357,182.3574162,51245300
6/23/2023,185.2752991,186.1486823,183.617867,184.1538122,53079300
6/26/2023,183.8759003,186.6349803,183.8361928,185.4241593,48088700
6/27/2023,186.644928,186.9724467,184.2729123,184.4912581,50730800
6/28/2023,187.8259888,188.4710918,186.1884102,186.5159138,51216800
6/29/2023,188.1633911,188.6397902,187.5182882,187.6572342,46347300
6/30/2023,192.5104523,193.0166093,189.8208373,190.1880635,85069600
7/3/2023,191.0118103,192.4211235,190.3170655,192.3218699,31458200
7/5/2023,189.8903046,191.5278828,189.1856404,190.1285041,46920300
7/6/2023,190.366684,190.5751104,187.7763228,188.4115064,45094300
7/7/2023,189.2451935,191.2202249,188.808517,189.9697114,46778000
7/10/2023,187.1907806,188.5604015,185.632587,187.8358836,59922200
7/11/2023,186.6647644,187.8755855,185.1959051,187.7366396,46638100
7/12/2023,188.3420715,190.2575419,187.0518504,188.2527372,60750200
7/13/2023,189.1062469,189.751365,188.3519711,189.0665546,41342300
7/14/2023,189.255127,189.7414302,188.2031055,188.7985816,41573900
7/17/2023,192.5302887,192.8578074,190.3666847,190.4560038,50520200
7/18/2023,192.2722473,192.8677386,190.972107,191.895117,48353800
7/19/2023,193.6319427,196.7383802,191.2003661,191.6469921,80507300
7/20/2023,191.6767578,194.9916217,191.0514935,193.6220009,59581200
7/21/2023,190.4957275,193.5029267,189.7910634,192.639478,71917800
7/24/2023,191.2996063,193.4433565,190.8033687,191.9546436,45377800
7/25/2023,192.1630554,192.9768924,191.4683258,191.8752443,37283200
7/26/2023,193.036438,194.1678592,191.8653245,192.2126817,47471900
7/27/2023,191.766098,195.7161459,191.1011413,194.5450322,47460200
7/28/2023,194.3564758,195.1504592,192.6791898,193.2052006,48291400
7/31/2023,194.9717712,195.0114787,193.7907232,194.5847065,38824100
8/1/2023,194.138092,195.2496595,193.8105734,194.7633563,35175100
8/2/2023,191.1309052,193.711332,190.4064024,193.572386,50389300
8/3/2023,189.7314911,190.9224584,189.2551072,190.1284903,61235200
8/4/2023,180.6205902,185.9700316,180.5511097,184.1240269,115799700
8/7/2023,177.5042267,181.7520201,176.0155136,180.7595447,97576100
8/8/2023,178.4470673,178.9135319,176.2437708,178.3378944,67823000
8/9/2023,176.8491974,179.5685703,175.6780685,179.5090242,60378500
8/10/2023,176.6308289,179.389909,176.2636178,178.1294611,54686900
8/11/2023,176.6904755,177.5153443,175.4581538,176.2233961,51988100
8/14/2023,178.3501587,178.578732,176.213446,176.869368,43675600
8/15/2023,176.3525543,178.3699985,175.9550342,177.7737183,43622600
8/16/2023,175.4780273,177.4358301,175.408453,176.0345617,46964900
8/17/2023,172.9239044,176.4121915,172.4071161,176.0444846,66062900
8/18/2023,173.4108887,174.0171168,170.8965364,171.2344301,61114200
8/21/2023,174.7525177,175.0407327,172.6655142,173.9872907,46311900
8/22/2023,176.1339264,176.5811404,175.1599914,175.9649796,42084200
8/23/2023,179.9998627,180.4272112,177.227124,177.4159514,52722800
8/24/2023,175.2891998,179.9800107,174.9214777,179.5526621,54945800
8/25/2023,177.5054016,178.0420554,174.7326628,176.2830127,51449600
8/28/2023,179.0756226,179.4731427,177.4457657,178.9762349,43820700
8/29/2023,182.981308,183.7564829,178.3898852,178.5886452,53003900
8/30/2023,186.4894867,186.6882619,183.5974949,183.796255,60813900
8/31/2023,186.7081146,187.950384,186.3205272,186.6783014,60794500
9/1/2023,188.2882843,188.7454309,187.1155742,188.3180976,45732600
9/5/2023,188.5268097,188.8050768,186.4497388,187.1155934,45280000
9/6/2023,181.7788086,187.6820755,180.3477118,187.2348463,81755800
9/7/2023,176.4618835,177.1078727,172.4667409,174.0965977,112488800
9/8/2023,177.0780487,179.1253215,176.6904612,177.2470107,65551300
9/11/2023,178.2507629,179.184952,176.2432512,178.9563787,58953100
9/12/2023,175.2096863,179.0160017,173.7388435,178.3799603,90370200
9/13/2023,173.1326294,176.2035161,172.9040409,175.4183932,84267900
9/14/2023,174.6531372,175.0109114,172.5064921,172.9238928,60895800
9/15/2023,173.9276428,175.4084334,172.7450151,175.3885528,109205100
9/18/2023,176.8693542,178.2706378,175.0804832,175.3885636,67257600
9/19/2023,177.9625549,178.5190892,176.0345504,176.4221378,51826900
9/20/2023,174.4046936,178.5886485,174.3152387,178.1513673,58436200
9/21/2023,172.8543396,175.2096929,172.7847804,173.4705156,63047900
9/22/2023,173.7089996,175.9848456,172.9735859,173.5897466,56725400
9/25/2023,174.9910431,175.8755383,173.0729712,173.122665,46172700
9/26/2023,170.8965454,174.1164984,170.5983977,173.7388588,64588900
9/27/2023,169.3759918,171.9698512,168.0045366,171.5524505,66921800
9/28/2023,169.6343689,170.966078,166.5833481,168.2927119,56294400
9/29/2023,170.1511536,171.9996509,169.2865238,170.9561417,51814200
10/2/2023,172.6754761,173.2220777,169.8729086,170.1611236,52164500
10/3/2023,171.3338013,172.5562054,169.763586,171.1946677,49594600
10/4/2023,172.5859833,173.1325848,169.9126175,170.0318705,53020300
10/5/2023,173.8282776,174.3649313,171.612058,172.7151939,48527900
10/6/2023,176.3923187,176.8892265,172.1089612,172.7251371,57224100
10/9/2023,177.8830414,177.9426679,174.7127675,175.7165157,42390800
10/10/2023,177.2867584,178.6085349,176.8494771,176.9985586,43698000
10/11/2023,178.6880493,178.7377431,176.501658,177.0979383,47551100
10/12/2023,179.5924072,181.2123162,177.932722,178.9563659,56743100
10/13/2023,177.743927,180.8048657,177.0383113,180.2980252,51427100
10/16/2023,177.6147156,177.9724898,175.4183765,175.6568977,52517000
10/17/2023,176.0544128,177.3165628,173.7189555,175.5575051,57549400
10/18/2023,174.7525177,176.4817622,174.0270366,174.4941311,54764400
10/19/2023,174.3748932,176.740164,174.1065587,174.9512929,59302900
10/20/2023,171.8108521,174.3351371,171.5723308,174.2258168,64189300
10/23/2023,171.9300842,172.9338324,168.8790633,169.8530134,55980100
10/24/2023,172.3673706,172.5959439,170.3896722,171.9797831,43816600
10/25/2023,170.0418549,171.9897249,169.5946257,170.8170298,57157000
10/26/2023,165.8578644,170.3201013,164.6454083,169.316338,70625300
10/27/2023,167.1796417,167.9150706,165.7982388,165.8777459,58499100
10/30/2023,169.2368469,170.1114095,167.8256306,167.9747121,51131000
10/31/2023,169.7138824,169.8430682,166.8616216,168.3026662,44846000
11/1/2023,172.894104,173.1524906,169.0679078,169.9424704,56934900
11/2/2023,176.4718323,176.680525,174.3748809,174.4345074,77334800
11/3/2023,175.5575256,175.7264876,172.2779462,173.1624415,79763700
11/6/2023,178.1215515,178.3203116,175.1202396,175.2891864,63841300
11/7/2023,180.6955566,181.3117174,177.8631762,178.0718689,70530000
11/8/2023,181.7589264,182.3154607,180.4669631,181.2222727,49340300
11/9/2023,181.2819061,182.9813223,180.6856107,181.8285077,53763500
11/10/2023,185.491272,185.6604566,182.6352684,183.0731258,66133400
11/13/2023,183.8990631,185.1230623,183.3119431,184.9140946,43627500
11/14/2023,186.5262146,187.1929465,185.3917728,186.7849416,60108400
11/15/2023,187.0934296,188.5761712,186.8645551,186.9342211,53790500
11/16/2023,188.785141,190.029047,187.7302959,188.6458241,54412900
11/17/2023,188.7652435,189.4518821,187.6507085,189.322511,50922700
11/20/2023,190.5166473,190.9744114,188.9543092,188.964255,46505100
11/21/2023,189.7106018,190.5863165,188.8149955,190.4768522,38134500
11/22/2023,190.3773193,191.9894166,189.8996637,190.5564497,39617700
11/24/2023,189.043869,189.9693278,188.3273779,189.9394753,24048300
11/27/2023,188.8647461,189.7404609,187.9790855,188.9941172,40552600
11/28/2023,189.4717712,190.1484641,188.4766464,188.8547987,38415400
11/29/2023,188.4467926,191.1535335,188.0487487,189.9693324,43014200
11/30/2023,189.0239716,189.3921781,187.2725572,188.9145072,48794400
12/1/2023,190.307663,190.626095,188.3074525,189.4020958,45679300
12/4/2023,188.5065002,189.123488,186.5361572,189.053822,43389500
12/5/2023,192.4770508,193.4522689,189.2528407,189.2827084,66628400
12/6/2023,191.3824158,193.8105076,191.1734329,193.5020213,41089700
12/7/2023,193.3229065,194.0493434,192.6462137,192.6860272,47477700
12/8/2023,194.7558899,195.0345236,192.7258267,193.2532417,53377300
12/11/2023,192.2382202,192.5467217,190.4868059,192.1685694,60943700
12/12/2023,193.7607727,193.7707185,190.7853438,192.1387143,52696900
12/13/2023,196.9949036,197.0347019,193.900065,194.1388852,70404200
12/14/2023,197.1441803,198.6468133,195.2036899,197.0546227,66831600
12/15/2023,196.6068268,197.4327671,196.0395983,196.5670133,128256700
12/18/2023,194.9349976,195.6713954,193.4423104,195.1340195,55751900
12/19/2023,195.9799042,195.98985,194.93502,195.203708,40714100
12/20/2023,193.880188,196.7162849,193.880188,195.9400887,52242800
12/21/2023,193.7308807,196.1191893,192.5566408,195.1439713,46482500
12/22/2023,192.6561737,194.4573472,192.0292402,194.2284576,37122800
12/26/2023,192.1088715,192.9447728,191.8899428,192.666139,28919300
12/27/2023,192.2083588,192.5566585,190.158404,191.5515879,48087700
12/28/2023,192.6362762,193.7110129,192.2282714,193.1935437,34049900
12/29/2023,191.5913849,193.4522635,190.795282,192.9547011,42628800
1/2/2024,184.7349854,187.5213381,182.9935168,186.2376185,82488700
1/3/2024,183.3517609,184.9738193,182.5357512,183.3219083,58414500
1/4/2024,181.0231781,182.1974182,179.9982006,181.2619984,71983600
1/5/2024,180.2967072,181.8690062,179.2916366,181.102771,62303300
1/8/2024,184.655365,184.6951785,180.6151605,181.2022805,59144500
1/9/2024,184.2374115,184.2473573,181.839157,183.023358,42841800
1/10/2024,185.2823029,185.4912706,183.0233651,183.4512767,46792900
1/11/2024,184.6851959,186.1380847,182.724799,185.6305614,49128400
1/12/2024,185.0135956,185.8296052,184.2871587,185.1529124,40444700
1/16/2024,182.734787,183.3617053,180.0479377,181.2719522,65603000
1/17/2024,181.7893982,182.0381794,179.4210114,180.3862837,47317400
1/18/2024,187.7104187,188.2179269,184.9240659,185.1827929,78005800
1/19/2024,190.6261139,191.014212,187.8994815,188.4069897,68741000
1/22/2024,192.9447479,194.3777301,191.3226896,191.3625031,60133900
1/23/2024,194.2284546,194.795683,192.8850452,194.0692462,42355600
1/24/2024,193.5517731,195.4226125,193.3925495,194.4672861,53631300
1/25/2024,193.2233887,195.3131569,192.1685588,194.2682728,54822100
1/26/2024,191.4819183,193.8105068,191.0042627,193.3229053,44594000
1/29/2024,190.7952881,191.262998,188.6557757,191.0739218,47145600
1/30/2024,187.1232758,190.864955,186.5560625,190.009147,55859400
1/31/2024,183.5010223,186.1878717,183.4512782,186.1281514,55467800
2/1/2024,185.9490356,186.0385932,182.9238627,183.0930321,64885400
2/2/2024,184.9439545,186.416735,178.3761246,178.9831513,102518000
2/5/2024,186.7650299,188.3273833,184.9340038,187.2327398,69668800
2/6/2024,188.3771362,188.387082,185.8594716,185.9490292,43490800
2/7/2024,188.486618,190.1186223,187.6905151,189.7106175,53439000
2/8/2024,187.4019165,188.6159548,186.4366442,188.4666922,40962000
2/9/2024,188.1691284,189.3050177,187.3221869,187.9698373,45155200
2/12/2024,186.4752655,187.9897897,186.1165628,187.7406911,41781900
2/13/2024,184.3728638,185.5386589,182.8483811,185.1002428,56529500
2/14/2024,183.4860687,184.8610982,181.7822424,184.6518638,54630500
2/15/2024,183.1971283,183.8248618,180.6961831,182.8882484,65434500
2/16/2024,181.6526947,184.1835455,181.0150028,182.7586933,49701400
2/20/2024,180.9054108,181.7722692,179.3510375,181.1345773,53665600
2/21/2024,181.6626892,182.2306263,180.0086704,181.2840544,41529700
2/22/2024,183.7052917,184.2931762,181.8021894,182.818501,52292200
2/23/2024,181.8619537,184.3728573,181.5729908,184.3429667,45119700
2/26/2024,180.5068512,182.1010735,179.9986802,181.5829592,40867400
2/27/2024,181.9715576,183.2569,178.9126188,180.447075,54318900
2/28/2024,180.7659302,182.4597982,179.4805877,181.8519968,48953900
2/29/2024,180.0983429,181.9117886,178.8827401,180.6164724,136682600
3/1/2024,179.0122681,179.8791266,176.7404895,178.902664,73488000
3/4/2024,174.4687195,176.2622178,173.1634296,175.5149218,81510100
3/5/2024,169.5066528,171.4197287,169.0084555,170.1443448,95132400
3/6/2024,168.5102539,170.6226208,168.0718378,170.4432619,68587700
3/7/2024,168.390686,170.1144444,167.8825303,168.5401391,71765100
3/8/2024,170.1144562,173.0737495,168.3309164,168.3906977,76114600
3/11/2024,172.127182,173.7513102,171.4297088,172.3164994,60139500
3/12/2024,172.6054382,173.402557,170.3934409,172.5257248,59825400
3/13/2024,170.513031,172.5656017,170.1443546,172.1471177,52488700
3/14/2024,172.3762817,173.6815564,171.4297098,172.2866099,72913500
3/15/2024,171.9976349,171.9976349,169.6760336,170.5528657,121664700
3/18/2024,173.093689,177.0693093,172.8944131,174.9370252,75604200
3/19/2024,175.4451752,175.9732631,172.4061684,173.711443,55215200
3/20/2024,178.0258331,178.0258331,174.4587384,175.0864719,53423100
3/21/2024,170.7521362,176.8500815,170.2240483,176.4116654,106181300
3/22/2024,171.6588745,172.4261027,169.4468771,171.140745,71106600
3/25/2024,170.2340393,171.3201059,168.8390776,169.95505,54288300
3/26/2024,169.0981445,170.8019709,168.9686084,169.3870923,57388400
3/27/2024,172.6851654,172.9741284,169.4967054,169.7956268,60273300
3/28/2024,170.8617554,171.6090514,169.8952513,171.1307862,65672700
4/1/2024,169.4169769,170.6325796,168.8689568,170.5727983,46240500
4/2/2024,168.2312775,168.7294748,167.6234761,168.4704177,49329500
4/3/2024,169.0383453,170.0646306,167.972211,168.1814453,47691700
4/4/2024,168.2113495,171.3001637,168.2113495,169.6760356,53704400
4/5/2024,168.9686127,169.7756899,168.3408792,168.9785711,42055200
4/8/2024,167.8426819,168.5899779,167.6334475,168.4205926,37425500
4/9/2024,169.0582886,169.4668141,167.7430555,168.0917845,42451200
4/10/2024,167.1751099,168.4803846,166.5075272,168.1914368,49709300
4/11/2024,174.4089203,174.8274194,167.5537351,167.7330789,91070300
4/12/2024,175.9134827,177.7169546,173.5819228,173.6317303,101593300
4/15/2024,172.0673828,175.9931799,171.8780654,174.7277545,73531800
4/16/2024,168.7693481,173.1335468,167.6633494,171.1307988,73711200
4/17/2024,167.3943024,170.0347421,167.3943024,168.9984984,50901200
4/18/2024,166.4377441,168.0319816,165.9495205,167.4241802,43122900
4/19/2024,164.4051208,165.8000673,163.4884396,165.6107651,67772100
4/22/2024,165.2420959,166.6569746,164.1759615,164.9232575,48116400
4/23/2024,166.2982635,166.4477319,164.3254064,164.753864,49537800
4/24/2024,168.4106445,168.6896338,165.6107777,165.9395746,48251800
4/25/2024,169.2774963,169.9949017,167.5437641,168.9187936,50558300
4/26/2024,168.689621,170.7222594,168.5700433,169.2675317,44838400
4/29/2024,172.8744659,175.3953431,172.4759142,172.7449298,68169400
4/30/2024,169.7159119,174.3591148,169.3870998,172.705096,65934800
5/1/2024,168.689621,172.0873305,168.5003036,168.9686103,50383100
5/2/2024,172.4061737,172.794767,170.2738897,171.8880442,94214900
5/3/2024,182.7188416,186.325785,182.0014362,185.9770409,163224100
5/6/2024,181.0548859,183.5358989,179.7695282,181.6925779,78569700
5/7/2024,181.7423859,184.2333726,180.666293,182.7886033,77305800
5/8/2024,182.0811615,182.4099736,180.7958039,182.1907655,45057100
5/9/2024,183.9045868,183.9942587,181.453449,181.9018236,48983000
5/10/2024,182.6374359,184.6728314,181.7195113,184.4832572,50759500
5/13/2024,185.8601379,186.678297,184.2038758,185.0220349,72044800
5/14/2024,187.0075531,187.8756026,185.8701231,187.0873746,52393600
5/15/2024,189.2924042,190.2203008,186.9476946,187.486486,70400000
5/16/2024,189.4121246,190.6692945,189.2325376,190.0407096,52845200
5/17/2024,189.4420471,190.3799309,188.7535999,189.0828579,41282900
5/20/2024,190.6094208,191.4874423,188.5839973,188.9032834,44361300
5/21/2024,191.9164734,192.2956066,190.4896885,190.6593035,42309400
5/22/2024,190.4697266,192.3854125,189.8411569,191.8366491,34648500
5/23/2024,186.4588013,190.5695104,186.2093647,190.5495513,51005900
5/24/2024,189.5518036,190.1504574,187.6161737,188.3944297,36294600
5/28/2024,189.5617828,192.5649931,188.6737894,191.0783459,52280100
5/29/2024,189.8611145,191.8167037,189.0828737,189.1826544,53068000
5/30/2024,190.8588562,191.7468497,190.2003553,190.330052,49947900
5/31/2024,191.8166809,192.135967,189.4819588,191.008509,75158300
6/3/2024,193.5926819,194.5505249,192.0860907,192.4652239,50080500
6/4/2024,193.9119568,194.8797717,192.5949247,194.2012965,47471400
6/5/2024,195.4285278,196.4562051,194.4307817,194.9595859,54156800
6/6/2024,194.0416718,196.0571233,193.7323729,195.2489513,41181800
6/7/2024,196.446228,196.4961184,193.7024263,194.2112713,53103900
6/10/2024,192.6847229,196.8553095,191.716908,196.456202,97262100
6/11/2024,206.6831055,206.6930927,193.1935887,193.2135327,172373300
6/12/2024,212.5897827,219.7037025,206.4336755,206.9026174,198134300
6/13/2024,213.7571411,216.2614785,211.1230919,214.2560142,97862700
6/14/2024,212.0110779,214.6850302,210.8237576,213.3680132,70122700
6/17/2024,216.1816559,218.4565159,212.2405616,212.8890906,93728300
6/18/2024,213.8070068,218.1372365,212.5199211,217.099572,79943300
6/20/2024,209.2073975,213.7571325,208.3792816,213.4478184,86172500
6/21/2024,207.0223541,211.4124311,206.6432057,209.9158119,246421400
6/24/2024,207.6708832,212.2206032,206.1243736,207.2518316,80727000
6/25/2024,208.5987854,210.9035765,208.1398155,208.6785917,56713900
6/26/2024,212.7693634,214.3757353,210.1652454,211.0233077,66213200
6/27/2024,213.6174622,215.2537653,211.8714064,214.2061287,49772700
6/28/2024,210.1452789,215.5830074,209.8260081,215.2836805,82542700
7/1/2024,216.2614746,217.0197562,211.442359,211.611974,60402900
7/2/2024,219.7735443,219.883297,214.6151986,215.6628199,58046200
7/3/2024,221.0506592,221.0506592,218.5363347,219.5041496,37369800
7/5/2024,225.8298492,225.9396019,221.1504176,221.1504176,60412400
7/8/2024,227.3065338,227.336465,222.7468266,226.5781682,59085900
7/9/2024,228.1645813,228.8829597,225.8597901,227.4162717,48076100
7/10/2024,232.454895,232.5546757,228.7333061,228.7831965,62627700
7/11/2024,227.0570984,231.8662269,225.2611523,230.8684808,64710600
7/12/2024,230.0203857,232.1156587,228.1645773,228.4040419,53046500
7/15/2024,233.8716888,236.6953122,232.5646438,235.9470026,62631300
7/16/2024,234.290741,235.7374697,231.8063478,234.470328,43234300
7/17/2024,228.3641357,230.9383225,226.129179,228.9328431,57345900
7/18/2024,223.6747284,229.9206291,221.7690448,229.7609861,66034600
7/19/2024,223.8044281,226.2888214,222.7767508,224.3132884,49151500
7/22/2024,223.4552307,227.266613,222.5871812,226.4983442,48201800
7/23/2024,224.5028534,226.4285114,222.1781031,223.8642965,39960300
7/24/2024,218.0474396,224.2933403,216.6406291,223.4951403,61777600
7/25/2024,216.9998169,220.3522446,214.1362751,218.4365586,51391200
7/26/2024,217.46875,218.9953003,215.5231329,218.2070724,41601300
7/29/2024,217.7481232,218.8057316,215.2637298,216.4710093,36311800
7/30/2024,218.3068542,219.8334046,215.6328867,218.6959746,41643800
7/31/2024,221.5794678,223.3155516,220.1327389,220.9409108,50036300
8/1/2024,217.8678436,223.974045,216.5308675,223.8642923,62501000
8/2/2024,219.3644714,225.0915399,217.2193233,218.656065,105568600
8/5/2024,208.7983398,213.0188018,195.5582442,198.6412762,119548600
8/6/2024,206.7629395,209.5167287,200.6168345,204.8372966,69660500
8/7/2024,209.3471069,213.1584894,205.9248297,206.4336747,63516400
8/8/2024,212.8292236,213.7172171,208.3593253,212.6296775,47161100
8/9/2024,215.7526398,216.291416,211.4922593,211.6219712,42201600
8/12/2024,217.2909393,219.2687591,215.3630677,215.8325524,38028100
8/13/2024,221.026825,221.6461387,218.769299,218.769299,44155300
8/14/2024,221.4763336,222.7848915,219.4585493,220.3276036,41960600
8/15/2024,224.4730377,225.1023502,222.515185,224.3531745,46414000
8/16/2024,225.8015747,226.5807163,223.4042032,223.6739107,44340200
8/19/2024,225.6417542,225.7416504,222.7948801,225.4719428,40687800
8/20/2024,226.2610626,226.9203409,225.20223,225.5218856,30299000
8/21/2024,226.1511841,227.7294495,224.8026769,226.2710626,34765500
8/22/2024,224.2832489,228.0890594,223.6539364,227.5396608,43695300
8/23/2024,226.5906982,227.9691865,224.0834622,225.4120024,38677300
8/26/2024,226.9303284,227.0302246,223.6439507,226.5107918,30602200
8/27/2024,227.7793884,228.5984945,224.64284,225.7516207,35934600
8/28/2024,226.2410889,229.6073803,225.4319663,227.66951,38052200
8/29/2024,229.5374603,232.6640254,228.628472,229.8471324,51906300
8/30/2024,228.7483368,230.1467921,227.230003,229.9370315,52990800
9/3/2024,222.525177,228.7483259,220.9269293,228.2988235,50190600
9/4/2024,220.6072998,221.5362705,217.240993,221.4164072,43840200
9/5/2024,222.1356049,225.2321888,221.2765494,221.3864291,36615400
9/6/2024,220.5773315,224.9924722,219.5284824,223.7038814,48423000
9/9/2024,220.6672211,221.026826,216.47184,220.5773236,67180000
9/10/2024,219.868103,221.2365925,216.4918127,218.6794084,51591000
9/11/2024,222.4152985,222.8448186,217.6505365,221.2166203,44587100
9/12/2024,222.525177,223.3043186,219.5784221,222.2554695,37498200
9/13/2024,222.2554779,223.7937788,221.66613,223.3342928,36766600
9/16/2024,216.0822754,216.9812802,213.6849038,216.3020196,59357400
9/17/2024,216.5517426,216.6616223,214.264266,215.5128922,45519300
9/18/2024,220.447464,222.4652483,217.3009167,217.3109155,59894900
9/19/2024,228.6184692,229.5674374,224.3831387,224.7427437,66781300
9/20/2024,227.9492035,232.8338287,227.3698391,229.7172625,318679900
9/23/2024,226.2211151,229.1978359,225.5618368,227.0901541,54146000
9/24/2024,227.1201172,229.0979522,225.4819201,228.3987093,43556100
9/25/2024,226.1212158,227.0402029,223.7738076,224.6827959,42308700
9/26/2024,227.2699585,228.2488772,225.1622768,227.0501991,36636700
9/27/2024,227.5396576,229.2677673,227.0502058,228.2089347,34026000
9/30/2024,232.7439423,232.7439423,229.3976177,229.7871885,54541900
10/1/2024,225.9614105,229.3976173,223.4941237,229.2677705,63285000
10/2/2024,226.530777,227.1201249,222.7749145,225.6417557,32880600
10/3/2024,225.4219818,226.5607283,223.0745737,224.8925655,34044200
10/4/2024,226.5507507,227.7494289,223.8836869,227.6495327,37245100
10/7/2024,221.4463654,225.4419694,221.0867604,224.2532747,39505400
10/8/2024,225.5218811,225.7316418,223.0046463,224.0534954,31855700
10/9/2024,229.287735,229.4975109,224.5829197,224.982474,33591100
10/10/2024,228.7882843,229.2477855,226.9203443,227.5296745,28183500
10/11/2024,227.2999268,229.1578832,227.0901508,229.0480035,31759200
10/14/2024,231.0458069,231.475327,228.3487772,228.4486582,39882100
10/15/2024,233.5930023,237.2290013,232.1146179,233.3532606,64751400
10/16/2024,231.5252686,231.8648912,229.5873982,231.3454737,34082200
10/17/2024,231.8948669,233.5930109,230.2666686,233.173459,32993800
10/18/2024,234.7417297,235.9204256,233.7528123,235.9204256,46431500
10/21/2024,236.220108,236.5897118,234.1923402,234.1923402,36254500
10/22/2024,235.6007996,235.9604045,232.3443877,233.6329633,38846600
10/23/2024,230.5063934,234.8815848,227.5096904,233.8227521,52287000
10/24/2024,230.3166199,230.5663451,228.15899,229.7272567,31109500
10/25/2024,231.1556854,232.9636938,229.3177112,229.4875226,38802300
10/28/2024,233.1434937,234.4720338,232.2944369,233.063595,36087100
10/29/2024,233.4131927,234.0724711,232.0646856,232.8438271,35417200
10/30/2024,229.8471222,233.2134136,229.2977236,232.3543582,47070900
10/31/2024,225.6617279,229.577418,225.1223128,229.087951,64370100
11/1/2024,222.6650238,225.1023447,220.0279258,220.7271534,65276700
11/4/2024,221.7660065,222.545148,219.4685464,220.7471384,44944500
11/5/2024,223.204422,223.7038725,220.8969632,221.5562415,28111300
11/6/2024,222.475235,225.8215595,220.9469177,222.3653553,54561100
11/7/2024,227.2299957,227.6295653,224.3232054,224.383137,42137700
11/8/2024,226.9600067,228.6600037,226.4100037,227.1699982,38328800
11/11/2024,224.2299957,225.6999969,221.5,225,42005600
11/12/2024,224.2299957,225.5899963,223.3600006,224.5500031,40398300
11/13/2024,225.1199951,226.6499939,222.7599945,224.0099945,48566200
11/14/2024,228.2200012,228.8699951,225,225.0200043,44923900
11/15/2024,225,226.9199982,224.2700043,226.3999939,47923700
11/18/2024,228.0200043,229.7400055,225.1699982,225.25,44686000
11/19/2024,228.2799988,230.1600037,226.6600037,226.9799957,36211800
11/20/2024,229,229.9299927,225.8899994,228.0599976,35169600
11/21/2024,228.5200043,230.1600037,225.7100067,228.8800049,42108300
11/22/2024,229.8699951,230.7200012,228.0599976,228.0599976,38168300
11/25/2024,232.8699951,233.25,229.7400055,231.4600067,90152800
11/26/2024,235.0599976,235.5700073,233.3300018,233.3300018,45986200
11/27/2024,234.9299927,235.6900024,233.8099976,234.4700012,33498400
11/29/2024,237.3300018,237.8099976,233.9700012,234.8099976,28481400
12/2/2024,239.5899963,240.7899933,237.1600037,237.2700043,48137100
12/3/2024,242.6499939,242.7599945,238.8999939,239.8099976,38861000
12/4/2024,243.0099945,244.1100006,241.25,242.8699951,44383900
12/5/2024,243.0399933,244.5399933,242.1300049,243.9900055,40033900
12/6/2024,242.8399963,244.6300049,242.0800018,242.9100037,36870600
12/9/2024,246.75,247.2400055,241.75,241.8300018,44649200
12/10/2024,247.7700043,248.2100067,245.3399963,246.8899994,36914800
12/11/2024,246.4900055,250.8000031,246.2599945,247.9600067,45205800
12/12/2024,247.9600067,248.7400055,245.6799927,246.8899994,32777500
12/13/2024,248.1300049,249.2899933,246.2400055,247.8200073,33155300
12/16/2024,251.0399933,251.3800049,247.6499939,247.9900055,51694800
12/17/2024,253.4799957,253.8300018,249.7799988,250.0800018,51356400
12/18/2024,248.0500031,254.2799988,247.7400055,252.1600037,56774100
12/19/2024,249.7899933,252,247.0899963,247.5,60882300
12/20/2024,254.4900055,255,245.6900024,248.0399933,147495300
12/23/2024,255.2700043,255.6499939,253.4499969,254.7700043,40858800
12/24/2024,258.2000122,258.2099915,255.2899933,255.4900055,23234700
12/26/2024,259.019989,260.1000061,257.6300049,258.1900024,27237100
12/27/2024,255.5899963,258.7000122,253.0599976,257.8299866,42355300
12/30/2024,252.1999969,253.5,250.75,252.2299957,35557500
12/31/2024,250.4199982,253.2799988,249.4299927,252.4400024,39480700
1/2/2025,243.8500061,249.1000061,241.8200073,248.9299927,55740700
1/3/2025,243.3600006,244.1799927,241.8899994,243.3600006,40244100
1/6/2025,245,247.3300018,243.1999969,244.3099976,45045600
1/7/2025,242.2100067,245.5500031,241.3500061,242.9799957,40856000
1/8/2025,242.6999969,243.7100067,240.0500031,241.9199982,37628900
1/10/2025,236.8500061,240.1600037,233,240.0099945,61710900
1/13/2025,234.3999939,234.6699982,229.7200012,233.5299988,49630700
1/14/2025,233.2799988,236.1199951,232.4700012,234.75,39435300
1/15/2025,237.8699951,238.9600067,234.4299927,234.6399994,39783600
